configuration,seed,step,T0.6_h2_term,T0.6_h2_traj,T0.6_h2_path,T0.6_entropy,T0.6_score,T1.0_h2_term,T1.0_h2_traj,T1.0_h2_path,T1.0_entropy,T1.0_score
"db[beta=0.5] mlp_w32 from mlp_5 {context_source=uniform, contexts=256, group=5, learning_rate=0.0001, reference=initial, ppo_epochs=1, steps=10000, reward=potts_tfbind8}",1,10000,0.9789863313761984,0.9871880021161481,0.008201670739949707,0.039894631733764264,0.7131154749410742,0.9274681366624941,0.9553921837751475,0.027924047112653394,0.21149839230626447,0.7129592129575373
"db[beta=0.5] mlp_w32 from mlp_5 {context_source=uniform, contexts=256, group=5, learning_rate=0.0001, reference=initial, ppo_epochs=1, steps=10000, reward=potts_tfbind8}",2,10000,0.9789953749103146,0.9875199729948565,0.008524598084541868,0.039723320867411156,0.713116102146479,0.9279484137241859,0.9588315301087613,0.030883116384575415,0.21236124692334873,0.7129751969709188
"db[beta=1.5] mlp_w32 from mlp_5 {context_source=uniform, contexts=256, group=5, learning_rate=0.0001, reference=initial, ppo_epochs=1, steps=10000, reward=potts_tfbind8}",1,10000,0.9790794265937285,0.9999999999999836,0.020920573406255083,0.017457293512218187,0.7131368627236742,0.9297511662641079,0.9999999938936951,0.07024882762958717,0.13733612852997962,0.7130630503808613
"db[beta=1.5] mlp_w32 from mlp_5 {context_source=uniform, contexts=256, group=5, learning_rate=0.0001, reference=initial, ppo_epochs=1, steps=10000, reward=potts_tfbind8}",2,10000,0.9790835457893676,1.0,0.020916454210632374,0.016478741045710846,0.7131376347167657,0.9297995801161908,0.9999999998093728,0.07020041969318203,0.13328778471244787,0.7130668762300504
"db[beta=4.5] mlp_w32 from mlp_5 {context_source=uniform, contexts=256, group=5, learning_rate=0.0001, reference=initial, ppo_epochs=1, steps=10000, reward=potts_tfbind8}",1,10000,0.999999999721496,1.0,2.785039976416215e-10,0.005007231933807729,0.9470071933025277,0.9999987341499005,0.99999999999993,1.2658500294637776e-06,0.06264129577788483,0.9464532851541535
"db[beta=4.5] mlp_w32 from mlp_5 {context_source=uniform, contexts=256, group=5, learning_rate=0.0001, reference=initial, ppo_epochs=1, steps=10000, reward=potts_tfbind8}",2,10000,0.9999999999418423,1.0,5.8157700877359275e-11,0.004657602527186479,0.9470095781469946,0.9999994893069859,0.9999999999999666,5.106929806819593e-07,0.06019887671764511,0.9464810610918142
"entppo[beta=0.5, gae_lambda=0.7, ppo_epochs=4, eps_clip=0.2] mlp_w32 from mlp_5 {context_source=uniform, contexts=256, group=5, learning_rate=0.0001, reference=initial, ppo_epochs=4, steps=10000, reward=potts_tfbind8}",1,10000,0.9790023222633428,0.98784651621627,0.008844193952927126,0.044165646555105735,0.7131108663816392,0.9285911611528863,0.9618556042454021,0.03326444309251575,0.21705153364424823,0.7129335425433962
"entppo[beta=0.5, gae_lambda=0.7, ppo_epochs=4, eps_clip=0.2] mlp_w32 from mlp_5 {context_source=uniform, contexts=256, group=5, learning_rate=0.0001, reference=initial, ppo_epochs=4, steps=10000, reward=potts_tfbind8}",2,10000,0.9790031852062011,0.9878576105941714,0.008854425387970322,0.043822729235189095,0.7131109886732419,0.9286411400584375,0.9619715459603966,0.033330405901959126,0.21533162831886482,0.7129266073750874
"entppo[beta=1.5, gae_lambda=0.7, ppo_epochs=4, eps_clip=0.2] mlp_w32 from mlp_5 {context_source=uniform, contexts=256, group=5, learning_rate=0.0001, reference=initial, ppo_epochs=4, steps=10000, reward=potts_tfbind8}",1,10000,0.9792038434871154,0.9999999999999978,0.020796156512882358,0.08146677858951702,0.7158154235652466,0.930851410215426,0.9999999985480228,0.06914858833259685,0.2486131141247413,0.718582204932096
"entppo[beta=1.5, gae_lambda=0.7, ppo_epochs=4, eps_clip=0.2] mlp_w32 from mlp_5 {context_source=uniform, contexts=256, group=5, learning_rate=0.0001, reference=initial, ppo_epochs=4, steps=10000, reward=potts_tfbind8}",2,10000,0.9791365748419042,0.9999999999999984,0.02086342515809425,0.042008774714219196,0.7141011211626899,0.9306439270674463,0.9999999988539342,0.06935607178648795,0.19532411664272145,0.7162555110547407
"entppo[beta=4.5, gae_lambda=0.7, ppo_epochs=4, eps_clip=0.2] mlp_w32 from mlp_5 {context_source=uniform, contexts=256, group=5, learning_rate=0.0001, reference=initial, ppo_epochs=4, steps=10000, reward=potts_tfbind8}",1,10000,0.9999999999999931,1.0,6.8833827526759706e-15,0.0014342349808078617,0.947030027862317,0.9999999978379975,0.999999999999999,2.1620014667433907e-09,0.031313512695825885,0.9467843423908004
"entppo[beta=4.5, gae_lambda=0.7, ppo_epochs=4, eps_clip=0.2] mlp_w32 from mlp_5 {context_source=uniform, contexts=256, group=5, learning_rate=0.0001, reference=initial, ppo_epochs=4, steps=10000, reward=potts_tfbind8}",2,10000,0.9999999999999959,1.0,4.107825191113079e-15,0.0015139622549248896,0.947029566449933,0.9999999986080849,0.9999999999999996,1.3919146946150818e-09,0.03227516028741612,0.9467750703901715
"subtb[beta=0.5, subtb_lambda=0.9] mlp_w32 from mlp_5 {context_source=uniform, contexts=256, group=5, learning_rate=0.0001, reference=initial, ppo_epochs=1, steps=10000, reward=potts_tfbind8}",1,10000,0.9789938460174948,0.9875294778079674,0.008535631790472564,0.047259335541984415,0.7131066039217583,0.9284339503751279,0.9580010519154628,0.029567101540334928,0.2199431985551534,0.7128916393036332
"subtb[beta=0.5, subtb_lambda=0.9] mlp_w32 from mlp_5 {context_source=uniform, contexts=256, group=5, learning_rate=0.0001, reference=initial, ppo_epochs=1, steps=10000, reward=potts_tfbind8}",2,10000,0.978992872414155,0.9874931210521344,0.00850024863797938,0.04627945418575713,0.71310771628884,0.9283316990357348,0.9577681596418988,0.029436460606164006,0.21842090280594123,0.712896160968474
"subtb[beta=1.5, subtb_lambda=0.9] mlp_w32 from mlp_5 {context_source=uniform, contexts=256, group=5, learning_rate=0.0001, reference=initial, ppo_epochs=1, steps=10000, reward=potts_tfbind8}",1,10000,0.979089449690967,0.9999999999999936,0.020910550309026554,0.0285346970018245,0.7134229371704248,0.9302708127213871,0.9999999970648763,0.06972918434348918,0.17726240162930593,0.7147168095563491
"subtb[beta=1.5, subtb_lambda=0.9] mlp_w32 from mlp_5 {context_source=uniform, contexts=256, group=5, learning_rate=0.0001, reference=initial, ppo_epochs=1, steps=10000, reward=potts_tfbind8}",2,10000,0.9790619809820941,0.999999999999977,0.020938019017882947,0.026041784064731417,0.7131864128605023,0.9298579362990771,0.9999999933940618,0.07014205709498467,0.16798599535352626,0.7135319698701089
"subtb[beta=4.5, subtb_lambda=0.9] mlp_w32 from mlp_5 {context_source=uniform, contexts=256, group=5, learning_rate=0.0001, reference=initial, ppo_epochs=1, steps=10000, reward=potts_tfbind8}",1,10000,0.9999999998974792,1.0,1.0252076965144852e-10,0.007866510166849543,0.9469868166907209,0.9999992977985657,0.9999999999999323,7.022013666091453e-07,0.08020139039023629,0.9462449814069415
"subtb[beta=4.5, subtb_lambda=0.9] mlp_w32 from mlp_5 {context_source=uniform, contexts=256, group=5, learning_rate=0.0001, reference=initial, ppo_epochs=1, steps=10000, reward=potts_tfbind8}",2,10000,0.9999999990977796,1.0,9.022204094932817e-10,0.007724464213712599,0.9469878619083991,0.999997469494221,0.9999999999999336,2.5305057126390196e-06,0.07940704515517073,0.9462547212275066
"tb[beta=0.5] mlp_w32 from mlp_5 {context_source=uniform, contexts=256, group=5, learning_rate=0.0001, reference=initial, ppo_epochs=1, steps=10000, reward=potts_tfbind8}",1,10000,0.9788594930744392,0.9946924052638,0.01583291218936078,0.054372974065139676,0.713098273797208,0.9243425370975332,0.9686414878121088,0.04429895071457557,0.22864415432440852,0.7128325292479153
"tb[beta=0.5] mlp_w32 from mlp_5 {context_source=uniform, contexts=256, group=5, learning_rate=0.0001, reference=initial, ppo_epochs=1, steps=10000, reward=potts_tfbind8}",2,10000,0.978960067233631,0.9871349406556459,0.008174873422014839,0.05261419661161125,0.713100723809253,0.9270650128668976,0.9549291193144781,0.027864106447580528,0.2344020949301855,0.7128580143993347
"tb[beta=1.5] mlp_w32 from mlp_5 {context_source=uniform, contexts=256, group=5, learning_rate=0.0001, reference=initial, ppo_epochs=1, steps=10000, reward=potts_tfbind8}",1,10000,0.9790536777127239,0.999999999999984,0.020946322287260122,0.02568068354130661,0.713129578257544,0.9297210322400394,0.9999999949726576,0.07027896273261813,0.16027391432158433,0.7130352719598463
"tb[beta=1.5] mlp_w32 from mlp_5 {context_source=uniform, contexts=256, group=5, learning_rate=0.0001, reference=initial, ppo_epochs=1, steps=10000, reward=potts_tfbind8}",2,10000,0.9790524890027266,0.9999999999999837,0.020947510997257113,0.026042055125601097,0.7131291913697627,0.9297014223391772,0.9999999949304853,0.07029857259130812,0.16144824600637678,0.7130329753540198
"tb[beta=4.5] mlp_w32 from mlp_5 {context_source=uniform, contexts=256, group=5, learning_rate=0.0001, reference=initial, ppo_epochs=1, steps=10000, reward=potts_tfbind8}",1,10000,0.9999999983223541,1.0,1.6776459110801056e-09,0.009940509086425664,0.9469712156711764,0.9999962920964648,0.9999999999999045,3.707903439731375e-06,0.09106853465975004,0.9461087846887694
"tb[beta=4.5] mlp_w32 from mlp_5 {context_source=uniform, contexts=256, group=5, learning_rate=0.0001, reference=initial, ppo_epochs=1, steps=10000, reward=potts_tfbind8}",2,10000,0.9999999989759145,1.0,1.024085483081194e-09,0.010397440126654044,0.946967698276206,0.9999972182625754,0.9999999999999577,2.781737382329119e-06,0.09331090113266238,0.9460800161543306
"trafl[beta=0.5, estimator=square, mask_scheme=comp, mask_samples=4, var_lambda=0.0, normalization=paper, rollout=None, rollout_temperature=None] mlp_w32 from mlp_5 {context_source=uniform, contexts=256, group=5, learning_rate=0.0001, reference=initial, ppo_epochs=1, steps=10000, reward=potts_tfbind8}",1,10000,0.8320787738146815,0.8693750448423523,0.03729627102767075,0.15783605100605677,0.7038520015290314,0.6522999350272196,0.7889903682208506,0.13669043319363094,0.5159076946947572,0.6797236327090538
"trafl[beta=0.5, estimator=square, mask_scheme=comp, mask_samples=4, var_lambda=0.0, normalization=paper, rollout=None, rollout_temperature=None] mlp_w32 from mlp_5 {context_source=uniform, contexts=256, group=5, learning_rate=0.0001, reference=initial, ppo_epochs=1, steps=10000, reward=potts_tfbind8}",2,10000,0.8394740916665668,0.9963381538874955,0.15686406222092864,0.148723338051023,0.704700478714003,0.6625950049820015,0.9637851161266361,0.30119011114463456,0.4998419685318999,0.6820383221459169
"trafl[beta=1.5, estimator=square, mask_scheme=comp, mask_samples=4, var_lambda=0.0, normalization=paper, rollout=None, rollout_temperature=None] mlp_w32 from mlp_5 {context_source=uniform, contexts=256, group=5, learning_rate=0.0001, reference=initial, ppo_epochs=1, steps=10000, reward=potts_tfbind8}",1,10000,0.9790931587669685,1.0,0.020906841233031548,0.014954884863002822,0.7131385794758943,0.9301897575892207,0.999999999994636,0.06981024240541522,0.12127327376515493,0.7130973874821603
"trafl[beta=1.5, estimator=square, mask_scheme=comp, mask_samples=4, var_lambda=0.0, normalization=paper, rollout=None, rollout_temperature=None] mlp_w32 from mlp_5 {context_source=uniform, contexts=256, group=5, learning_rate=0.0001, reference=initial, ppo_epochs=1, steps=10000, reward=potts_tfbind8}",2,10000,0.9790924570462597,1.0,0.02090754295374031,0.015117803359139977,0.7131385966852851,0.9301716228751243,0.9999999999804118,0.06982837710528744,0.12212657916531344,0.7131040793929615
"trafl[beta=4.5, estimator=square, mask_scheme=comp, mask_samples=4, var_lambda=0.0, normalization=paper, rollout=None, rollout_temperature=None] mlp_w32 from mlp_5 {context_source=uniform, contexts=256, group=5, learning_rate=0.0001, reference=initial, ppo_epochs=1, steps=10000, reward=potts_tfbind8}",1,10000,0.9999987539316663,1.0,1.2460683337378597e-06,0.028173027366487077,0.9468142379658874,0.9998105000409417,0.9999999999940072,0.00018949995306549727,0.15976253372505433,0.9451476070307487
"trafl[beta=4.5, estimator=square, mask_scheme=comp, mask_samples=4, var_lambda=0.0, normalization=paper, rollout=None, rollout_temperature=None] mlp_w32 from mlp_5 {context_source=uniform, contexts=256, group=5, learning_rate=0.0001, reference=initial, ppo_epochs=1, steps=10000, reward=potts_tfbind8}",2,10000,0.9999990231201668,1.0,9.768798332476791e-07,0.02551793665938291,0.9468388863262219,0.9998483184351001,0.999999999999698,0.00015168156459788307,0.15167542841349146,0.9452690946608199
"trafl[beta=0.5, estimator=square, mask_scheme=iid, mask_samples=32, var_lambda=0.0, normalization=paper, rollout=None, rollout_temperature=None] mlp_w32 from mlp_5 {context_source=uniform, contexts=256, group=5, learning_rate=0.0001, reference=initial, ppo_epochs=1, steps=10000, reward=potts_tfbind8}",1,10000,0.9707559571225651,0.9876779009541153,0.016921943831550212,0.0399223675497343,0.7130831641441415,0.8872910974335821,0.9400597246094273,0.052768627175845184,0.21255113276008122,0.7121772605041893
"trafl[beta=0.5, estimator=square, mask_scheme=iid, mask_samples=32, var_lambda=0.0, normalization=paper, rollout=None, rollout_temperature=None] mlp_w32 from mlp_5 {context_source=uniform, contexts=256, group=5, learning_rate=0.0001, reference=initial, ppo_epochs=1, steps=10000, reward=potts_tfbind8}",2,10000,0.9710220771511157,0.9878851154055529,0.016863038254437246,0.03728500927035748,0.713088057085964,0.8872563427455493,0.9401357678810484,0.052879425135499036,0.20531825637464907,0.712186817065765
"trafl[beta=1.5, estimator=square, mask_scheme=iid, mask_samples=32, var_lambda=0.0, normalization=paper, rollout=None, rollout_temperature=None] mlp_w32 from mlp_5 {context_source=uniform, contexts=256, group=5, learning_rate=0.0001, reference=initial, ppo_epochs=1, steps=10000, reward=potts_tfbind8}",1,10000,0.9791099159129197,0.9999999999999991,0.020890084087079375,0.029780830163038854,0.7135826701337229,0.9305470344856784,0.9999999988830808,0.06945296439740234,0.22108201267928063,0.7167837827782387
"trafl[beta=1.5, estimator=square, mask_scheme=iid, mask_samples=32, var_lambda=0.0, normalization=paper, rollout=None, rollout_temperature=None] mlp_w32 from mlp_5 {context_source=uniform, contexts=256, group=5, learning_rate=0.0001, reference=initial, ppo_epochs=1, steps=10000, reward=potts_tfbind8}",2,10000,0.9791224710309964,0.9999999999999957,0.020877528968999304,0.027218123670894996,0.7135863311040738,0.930695072258276,0.9999999966731149,0.06930492441483893,0.20957062255738731,0.7167822631523314
"trafl[beta=4.5, estimator=square, mask_scheme=iid, mask_samples=32, var_lambda=0.0, normalization=paper, rollout=None, rollout_temperature=None] mlp_w32 from mlp_5 {context_source=uniform, contexts=256, group=5, learning_rate=0.0001, reference=initial, ppo_epochs=1, steps=10000, reward=potts_tfbind8}",1,10000,0.9999999984944189,1.0,1.5055811042330447e-09,0.012165864516325817,0.946953835522167,0.9999968291577339,0.9999999999998747,3.1708421407428133e-06,0.10156999791882503,0.9459721824113845
"trafl[beta=4.5, estimator=square, mask_scheme=iid, mask_samples=32, var_lambda=0.0, normalization=paper, rollout=None, rollout_temperature=None] mlp_w32 from mlp_5 {context_source=uniform, contexts=256, group=5, learning_rate=0.0001, reference=initial, ppo_epochs=1, steps=10000, reward=potts_tfbind8}",2,10000,0.999999999804333,1.0,1.9566703812756714e-10,0.012661970609976961,0.9469498787186041,0.9999990578950417,0.9999999999999178,9.421048761115713e-07,0.10377881870693186,0.9459427909407018
