step,prompt,hidden,slope,intercept,r2
0,CGAT?TTA,1,0.0,0.0,nan
0,AT?TCGCC,1,0.0,0.0,nan
0,A?ATCCCC,1,0.0,0.0,nan
0,GGATAG?A,1,0.0,0.0,nan
0,CGATATC?,1,0.0,0.0,nan
0,CGATA?CC,1,0.0,0.0,nan
0,GT?TCGTA,1,0.0,0.0,nan
0,ACGATA?C,1,0.0,0.0,nan
0,CTAT?GTA,1,0.0,0.0,nan
0,?GGTATCC,1,0.0,0.0,nan
0,?AATATAT,1,0.0,0.0,nan
0,CGATAT?C,1,0.0,0.0,nan
0,CGA?ATAT,1,0.0,0.0,nan
0,ATA?CGCA,1,0.0,0.0,nan
0,?AATATAT,1,0.0,0.0,nan
0,CGATA?TG,1,0.0,0.0,nan
0,CGA?A?CT,2,0.0,0.0,nan
0,TGT?AT?C,2,0.0,0.0,nan
0,CGATC?A?,2,0.0,0.0,nan
0,CA?T?TAT,2,0.0,0.0,nan
0,CG?TATC?,2,0.0,0.0,nan
0,?AG?ATTG,2,0.0,0.0,nan
0,CGAT?TA?,2,0.0,0.0,nan
0,CG?T?TCT,2,0.0,0.0,nan
0,CG?TATA?,2,0.0,0.0,nan
0,??ATATCT,2,0.0,0.0,nan
0,CT?TCG?A,2,0.0,0.0,nan
0,??ATCTTA,2,0.0,0.0,nan
0,C?AT?TAT,2,0.0,0.0,nan
0,CTA?C?AA,2,0.0,0.0,nan
0,ATA?CGC?,2,0.0,0.0,nan
0,A?GA?ACC,2,0.0,0.0,nan
0,CGAT??A?,3,0.0,0.0,nan
0,?GAT??AT,3,0.0,0.0,nan
0,GT??CGC?,3,0.0,0.0,nan
0,CG?T?T?T,3,0.0,0.0,nan
0,?AC?TA?A,3,0.0,0.0,nan
0,C??TAT?A,3,0.0,0.0,nan
0,CGGT?T??,3,0.0,0.0,nan
0,?GGTAT??,3,0.0,0.0,nan
0,?TATCC??,3,0.0,0.0,nan
0,CAA?A?A?,3,0.0,0.0,nan
0,C???CGCT,3,0.0,0.0,nan
0,GT?T?G?A,3,0.0,0.0,nan
0,?GATA??T,3,0.0,0.0,nan
0,?GA??TCT,3,0.0,0.0,nan
0,??ATC?CC,3,0.0,0.0,nan
0,ATA?C??A,3,0.0,0.0,nan
0,C??TAT??,4,0.0,0.0,nan
0,C?ATA???,4,0.0,0.0,nan
0,CGA??T??,4,0.0,0.0,nan
0,CG??A??G,4,0.0,0.0,nan
0,?G???CTG,4,0.0,0.0,nan
0,?A?T??AT,4,0.0,0.0,nan
0,CT??CG??,4,0.0,0.0,nan
0,A?AT??T?,4,0.0,0.0,nan
0,?TA?CT??,4,0.0,0.0,nan
0,C?A?A?A?,4,0.0,0.0,nan
0,C?A??T?T,4,0.0,0.0,nan
0,CG??A??T,4,0.0,0.0,nan
0,G?AT???A,4,0.0,0.0,nan
0,CGG??T??,4,0.0,0.0,nan
0,??AT??CT,4,0.0,0.0,nan
0,CGAT????,4,0.0,0.0,nan
0,??A?AT??,5,0.0,0.0,nan
0,TG??A???,5,0.0,0.0,nan
0,CA?A????,5,0.0,0.0,nan
0,C?G????A,5,0.0,0.0,nan
0,A?CA????,5,0.0,0.0,nan
0,??A??TC?,5,0.0,0.0,nan
0,????ATG?,5,0.0,0.0,nan
0,CG?????T,5,0.0,0.0,nan
0,CA????A?,5,0.0,0.0,nan
0,CT?????T,5,0.0,0.0,nan
0,?GA?C???,5,0.0,0.0,nan
0,?T??AT??,5,0.0,0.0,nan
0,C?C?G???,5,0.0,0.0,nan
0,?G???T?T,5,0.0,0.0,nan
0,A?C?G???,5,0.0,0.0,nan
0,?GT?A???,5,0.0,0.0,nan
0,C???A???,6,0.0,0.0,nan
0,?T?T????,6,0.0,0.0,nan
0,??A????T,6,0.0,0.0,nan
0,?A????C?,6,0.0,0.0,nan
0,????A?C?,6,0.0,0.0,nan
0,?G????A?,6,0.0,0.0,nan
0,???T??T?,6,0.0,0.0,nan
0,??????AT,6,0.0,0.0,nan
0,??A???A?,6,0.0,0.0,nan
0,??A????G,6,0.0,0.0,nan
0,??A??G??,6,0.0,0.0,nan
0,????A??G,6,0.0,0.0,nan
0,?G????A?,6,0.0,0.0,nan
0,??????CT,6,0.0,0.0,nan
0,?G?T????,6,0.0,0.0,nan
0,????A?A?,6,0.0,0.0,nan
0,????C???,7,0.0,0.0,nan
0,??????A?,7,0.0,0.0,nan
0,??A?????,7,0.0,0.0,nan
0,??A?????,7,0.0,0.0,nan
0,????G???,7,0.0,0.0,nan
0,???????A,7,0.0,0.0,nan
0,???????T,7,0.0,0.0,nan
0,??????A?,7,0.0,0.0,nan
0,?G??????,7,0.0,0.0,nan
0,??A?????,7,0.0,0.0,nan
0,???T????,7,0.0,0.0,nan
0,???????T,7,0.0,0.0,nan
0,A???????,7,0.0,0.0,nan
0,C???????,7,0.0,0.0,nan
0,??????C?,7,0.0,0.0,nan
0,??A?????,7,0.0,0.0,nan
0,????????,8,0.0,0.0,nan
250,CGAT?TTA,1,0.4561718259646691,-6.595656087934446,0.9974026853280196
250,AT?TCGCC,1,0.7860498149867288,-12.234271725534924,0.9940259234783478
250,A?ATCCCC,1,0.5911083333403064,-7.814239333704234,0.9988908449966952
250,GGATAG?A,1,0.5401368144930688,-4.917257335902134,0.8986564926308134
250,CGATATC?,1,0.4806491490891584,-8.616695046451307,0.9129878351137647
250,CGATA?CC,1,1.052271598559339,-16.529140707617348,0.9359322987606997
250,GT?TCGTA,1,0.6393023834290809,-9.2370039061795,0.9922721992191902
250,ACGATA?C,1,0.5761532755962077,-7.6053032310339255,0.9786871781665806
250,CTAT?GTA,1,0.6376685031707207,-10.193612162161262,0.982016269767168
250,?GGTATCC,1,1.1534289168470413,-14.374909832949234,0.7141438434216351
250,?AATATAT,1,0.6151807135041654,-10.451111044342344,0.9964648559949774
250,CGATAT?C,1,1.4465509442342313,-23.932800206549782,0.7479768771222776
250,CGA?ATAT,1,0.5828986969191311,-10.535805061603739,0.9939390948295873
250,ATA?CGCA,1,0.9073534039383345,-13.364415450426891,0.9738216251894452
250,?AATATAT,1,0.6151807135041654,-10.451111044342344,0.9964648559949774
250,CGATA?TG,1,1.088824260791131,-16.071403705425272,0.928882371761762
250,CGA?A?CT,2,1.0655615408324794,-17.024368785608928,0.9764738524760037
250,TGT?AT?C,2,0.4004116975941937,-4.660452852427371,0.5592174176018259
250,CGATC?A?,2,0.5912118064180903,-8.218213192071472,0.9448153266757489
250,CA?T?TAT,2,0.6167015257058864,-9.386144349542922,0.9885974144438863
250,CG?TATC?,2,0.8565517055188788,-14.42593297884479,0.7994834454110484
250,?AG?ATTG,2,0.3595394005979531,-3.033602595823831,0.5930105980942799
250,CGAT?TA?,2,0.7328979715633566,-12.448820149077148,0.9647410596087116
250,CG?T?TCT,2,0.6617170250676981,-9.607493500963468,0.9533199350879964
250,CG?TATA?,2,0.7400707089124464,-12.62514474460939,0.9778987573304095
250,??ATATCT,2,0.651126587971047,-9.618443298593274,0.9941568640088114
250,CT?TCG?A,2,0.8538713062475471,-13.19879646187795,0.6462055465090932
250,??ATCTTA,2,0.7216345927029327,-8.881939576051828,0.7373566215452303
250,C?AT?TAT,2,0.7529679308851954,-12.936607908458159,0.9199961066397795
250,CTA?C?AA,2,0.799566231500595,-10.981556988209725,0.7473029383970697
250,ATA?CGC?,2,0.3743922985713992,-4.921103636232432,0.6198201803878007
250,A?GA?ACC,2,1.324920351196985,-16.696028906140892,0.6479368174546294
250,CGAT??A?,3,0.7588210380070952,-11.677758890530052,0.9588058440920221
250,?GAT??AT,3,0.6969104689900872,-10.020643188259264,0.9938011177191903
250,GT??CGC?,3,0.8649447645669801,-10.830754399724455,0.8423842181430952
250,CG?T?T?T,3,0.8038823147777389,-12.304608691773073,0.9815771148105814
250,?AC?TA?A,3,0.5599035687417309,-4.490126980369894,0.21836816334867104
250,C??TAT?A,3,0.7748991253120411,-11.075343593804373,0.7097072951806694
250,CGGT?T??,3,0.9636118797849721,-13.669366183850942,0.690407860641054
250,?GGTAT??,3,0.8294666257207626,-11.56887849975632,0.7981288717531738
250,?TATCC??,3,0.5385585359182474,-6.998653039345699,0.6385593421164011
250,CAA?A?A?,3,0.7421499323543007,-10.284088956651072,0.9401035737090128
250,C???CGCT,3,0.35491298008050326,-2.439279757057788,0.8464896624332742
250,GT?T?G?A,3,0.8254115921709525,-10.472322084045324,0.8594433754542435
250,?GATA??T,3,0.806405011976943,-12.432014403904267,0.9830520027412039
250,?GA??TCT,3,0.6015566952390727,-7.056716361160152,0.9831824309004994
250,??ATC?CC,3,0.46133709627377467,-5.77272797710531,0.735708345757944
250,ATA?C??A,3,0.7656611787837944,-10.061255626086187,0.9446884274558954
250,C??TAT??,4,0.8420933998531028,-12.586029748084753,0.9072582113591444
250,C?ATA???,4,0.8311078562680211,-12.326396502025156,0.920353029468492
250,CGA??T??,4,0.8004721849562751,-11.584784519186588,0.9565944750178774
250,CG??A??G,4,1.0366625609687576,-14.536642246102735,0.8911965987008122
250,?G???CTG,4,0.8644218506692699,-8.813427520735083,0.5422691154497375
250,?A?T??AT,4,0.7239970869447033,-8.763633374756353,0.9700605047499524
250,CT??CG??,4,0.8172125966893661,-10.263007945935502,0.7500622129302807
250,A?AT??T?,4,0.7076820763577486,-7.945294859506177,0.9757267893157449
250,?TA?CT??,4,0.6276085267215729,-6.512774073476178,0.8001188806884704
250,C?A?A?A?,4,0.8873138193827109,-13.126533177958102,0.915767965594746
250,C?A??T?T,4,0.84605317291461,-12.193312446753364,0.922313613821764
250,CG??A??T,4,0.8836451141258657,-12.702205384644902,0.9787050779335613
250,G?AT???A,4,0.7902249350670898,-9.35025790615158,0.8398584078400416
250,CGG??T??,4,0.9635375099812143,-12.389672692798968,0.6843343859617477
250,??AT??CT,4,0.856220763765021,-11.256497454423098,0.9001194960967649
250,CGAT????,4,0.7889344484467224,-11.515290211714316,0.9492390054642182
250,??A?AT??,5,0.8481158713594581,-11.459493210266892,0.9076651918022702
250,TG??A???,5,0.2780883648952577,-1.7859490163902363,0.06634882759436433
250,CA?A????,5,0.657423152286531,-5.687340090299472,0.21639027343054473
250,C?G????A,5,1.3634826325228693,-16.02175718188412,0.7188870082886409
250,A?CA????,5,0.596291933252964,-5.6428489548138385,0.333839066713282
250,??A??TC?,5,0.7832090043828636,-9.300406786275563,0.9148802121268675
250,????ATG?,5,0.519071996889146,-3.025558813649276,0.39757651024395835
250,CG?????T,5,0.8797611105656615,-11.266287652554787,0.9571698365938239
250,CA????A?,5,0.8009445283058032,-8.895622010165134,0.9428622462892089
250,CT?????T,5,0.7682907442664944,-7.454480145985954,0.8676280004779819
250,?GA?C???,5,0.7780892206243205,-8.788546724178811,0.8024233364920925
250,?T??AT??,5,0.9601364947101643,-11.024454762930983,0.7228966276536879
250,C?C?G???,5,0.6611152240701396,-7.257021119922083,0.24996631091118515
250,?G???T?T,5,0.8851251256055384,-11.323784820694012,0.966998441820073
250,A?C?G???,5,0.18730398554289843,-0.659335586216133,0.062105950999097104
250,?GT?A???,5,0.3784685434385566,-2.7891429203170475,0.17513357872849034
250,C???A???,6,0.9556993642413988,-12.101104150557477,0.9010947952589773
250,?T?T????,6,0.8645287250968887,-9.70904032822212,0.8230474148318746
250,??A????T,6,0.8527353125863188,-9.892920534268644,0.9098991499694988
250,?A????C?,6,0.3094582238836411,-4.846886215724457,0.01063581299287808
250,????A?C?,6,1.0768990915519776,-13.353515651292138,0.7981207638174317
250,?G????A?,6,0.9568411728435109,-11.463443579357854,0.9078327626404072
250,???T??T?,6,1.0383542307081755,-12.272295135970808,0.7043457705863627
250,??????AT,6,0.9023277805748344,-10.572343509146322,0.9359467987673363
250,??A???A?,6,0.8582823485966337,-9.999264177179372,0.9198548393363466
250,??A????G,6,0.9690576909123869,-11.12833419385682,0.6109049303460863
250,??A??G??,6,0.7865518694744223,-8.484172686070007,0.7892886958315443
250,????A??G,6,1.0986347623040087,-13.104110786416697,0.8683967357282936
250,?G????A?,6,0.9568411728435109,-11.463443579357854,0.9078327626404072
250,??????CT,6,1.0878350776520316,-12.554719361608642,0.790864900280958
250,?G?T????,6,0.8816500599602417,-10.723015268682518,0.8951576986216252
250,????A?A?,6,0.958769887272592,-11.889130232696537,0.9170034903564059
250,????C???,7,1.1712571864574215,-14.313075155042693,0.3039126107046879
250,??????A?,7,0.9700535810603539,-10.770241103369733,0.9014445611608317
250,??A?????,7,0.9105115160356351,-10.48093865988273,0.8250958286621599
250,??A?????,7,0.9105115160356351,-10.48093865988273,0.8250958286621599
250,????G???,7,0.3150422716325051,-3.37904947906537,0.057110076469611304
250,???????A,7,1.4336402809316395,-18.244214533623627,0.6318024319838094
250,???????T,7,0.9185021399327711,-9.796268842368836,0.8968773934003071
250,??????A?,7,0.9700535810603539,-10.770241103369733,0.9014445611608317
250,?G??????,7,1.1035080238935857,-13.598909369313525,0.7498210162392324
250,??A?????,7,0.9105115160356351,-10.48093865988273,0.8250958286621599
250,???T????,7,0.8844541753572822,-9.975250997331022,0.864701322430188
250,???????T,7,0.9185021399327711,-9.796268842368836,0.8968773934003071
250,A???????,7,1.2931748857107785,-15.63561933303062,0.46793357267785984
250,C???????,7,0.9721402400256248,-11.344173249896109,0.8305046897305226
250,??????C?,7,1.4811838915446907,-20.032700530783334,0.44040734257920156
250,??A?????,7,0.9105115160356351,-10.48093865988273,0.8250958286621599
250,????????,8,1.2911786640373555,-16.400395939053436,0.6123671231839254
500,CGAT?TTA,1,0.3957399146769332,-5.613313688897895,0.9969846344815663
500,AT?TCGCC,1,0.6313359513561273,-9.590324852870177,0.995363415660574
500,A?ATCCCC,1,0.6860463939284773,-9.251548320058758,0.99908776084706
500,GGATAG?A,1,0.7046991788809898,-6.579155201702346,0.9795290030232455
500,CGATATC?,1,0.5310959212682264,-9.528168173560347,0.9049510553214068
500,CGATA?CC,1,0.7494587313026496,-11.481137356208594,0.8987576961154704
500,GT?TCGTA,1,0.5793068488152013,-8.241831823889992,0.9940225677641066
500,ACGATA?C,1,0.7062168245613657,-9.436950448681298,0.973641028024795
500,CTAT?GTA,1,0.5688374102069719,-8.973002028302322,0.9958052255231615
500,?GGTATCC,1,1.2778943487297763,-15.828772163540727,0.9452517316291691
500,?AATATAT,1,0.6274401115121565,-10.686362618563074,0.9908415222886712
500,CGATAT?C,1,0.8618658973324994,-14.081627935622702,0.8527688065567426
500,CGA?ATAT,1,0.4781758207417678,-8.476724195821731,0.9951443283280089
500,ATA?CGCA,1,0.7115867917381216,-10.217362173553944,0.9961911248492944
500,?AATATAT,1,0.6274401115121565,-10.686362618563074,0.9908415222886712
500,CGATA?TG,1,0.6981366811153397,-10.057356806427466,0.9690011069834839
500,CGA?A?CT,2,0.5661859616156557,-8.062660319455194,0.9553343631394415
500,TGT?AT?C,2,0.6752500803156378,-8.750330554562405,0.533587094660456
500,CGATC?A?,2,0.4915535620176669,-6.714580249476597,0.9661819859663137
500,CA?T?TAT,2,0.6610355277798894,-10.18424221078905,0.9708462411000279
500,CG?TATC?,2,0.7368922598041603,-12.264997203367724,0.8916189212675003
500,?AG?ATTG,2,0.35184805936513797,-2.9080083211600374,0.6807170922782544
500,CGAT?TA?,2,0.6046600196180966,-9.995726875839852,0.9896431988417661
500,CG?T?TCT,2,0.6117310148773851,-8.770351223767136,0.9023527586959288
500,CG?TATA?,2,0.6198417262232897,-10.328022629138594,0.9938246851768892
500,??ATATCT,2,0.5708467817738724,-8.218170358028202,0.991529176901924
500,CT?TCG?A,2,0.7966550836998867,-12.102380287671416,0.9842232842315249
500,??ATCTTA,2,0.6996959678173523,-8.604574660835162,0.6721490471551947
500,C?AT?TAT,2,0.5667325940181516,-9.381564208214556,0.9799683559142659
500,CTA?C?AA,2,0.8460899396954128,-11.599789162921088,0.9416152524953629
500,ATA?CGC?,2,0.522398039667647,-7.359943154440277,0.9412309459107183
500,A?GA?ACC,2,1.147423644351296,-14.626050457553296,0.4135747181185542
500,CGAT??A?,3,0.6210500481105065,-9.090593368506845,0.9874940862582368
500,?GAT??AT,3,0.5956821201899639,-8.098852505625437,0.98893851980098
500,GT??CGC?,3,0.478571583030037,-4.6007928845428445,0.8295679500275387
500,CG?T?T?T,3,0.7091598080678598,-10.514626691288022,0.9762956046812251
500,?AC?TA?A,3,0.39457485656887864,-2.183861392228568,0.5428993066215677
500,C??TAT?A,3,0.7093045012334769,-9.9512615630587,0.7855884440862633
500,CGGT?T??,3,0.9856931286652528,-13.976150150987095,0.7938886842330258
500,?GGTAT??,3,0.8592482187325146,-11.969128154828859,0.9104622301710119
500,?TATCC??,3,0.46375911177481866,-5.984842764080994,0.5960680522041677
500,CAA?A?A?,3,0.6353420955598508,-8.312743358591398,0.9813910409547238
500,C???CGCT,3,0.3145042466129264,-1.7868891479444269,0.8361997911473413
500,GT?T?G?A,3,0.7558990922801513,-9.416425026827161,0.6249469878613472
500,?GATA??T,3,0.644660105651587,-9.371010450383089,0.9655777545659716
500,?GA??TCT,3,0.5228982394074213,-5.685179228801877,0.9288498130396955
500,??ATC?CC,3,0.5398337926086091,-6.885898173414832,0.9521039716072343
500,ATA?C??A,3,0.7819917068500778,-10.32286090316467,0.9677538937931675
500,C??TAT??,4,0.7660339051556837,-11.161214072729239,0.9580884223991089
500,C?ATA???,4,0.7127305087277394,-10.158554599229815,0.9658945337779002
500,CGA??T??,4,0.738064303171594,-10.430125974031537,0.9729104120837222
500,CG??A??G,4,0.7514078456228593,-9.446069182509486,0.9332684327585823
500,?G???CTG,4,0.7833807271840719,-7.522967184763354,0.7794606515451933
500,?A?T??AT,4,0.7171678782672954,-8.624719721181105,0.9818614037769412
500,CT??CG??,4,0.7046934216814413,-8.280021489462385,0.9494516598676862
500,A?AT??T?,4,0.6594962896350397,-7.194560259288842,0.9794491149865983
500,?TA?CT??,4,0.6223532393600012,-6.3998850698393905,0.8746371569149465
500,C?A?A?A?,4,0.6895235141369167,-9.359928379911452,0.984472070132789
500,C?A??T?T,4,0.7165519380654607,-9.743076459340582,0.981666642100094
500,CG??A??T,4,0.7121179754684651,-9.470042340279829,0.9779345490787733
500,G?AT???A,4,0.7296887207714144,-8.385895178182295,0.8356824638225209
500,CGG??T??,4,1.0057382362407836,-13.01893646749695,0.8028254376755318
500,??AT??CT,4,0.6528597865548476,-7.861384506447193,0.9290459726981335
500,CGAT????,4,0.7059373805285093,-10.036518349191697,0.9654747255381428
500,??A?AT??,5,0.7630730218072926,-9.85772806516543,0.9561896405337159
500,TG??A???,5,0.7265777307760781,-7.270528184013266,0.5714048137434836
500,CA?A????,5,0.7457085080095344,-5.6517823182804605,0.476909240577597
500,C?G????A,5,0.9612358027594965,-9.719088649287274,0.7798016146758058
500,A?CA????,5,0.6422155103267196,-5.460393356642221,0.46924618762880743
500,??A??TC?,5,0.7581021711712721,-8.854653121717266,0.9326852651121698
500,????ATG?,5,0.5155926329087508,-2.7839412366228737,0.4875674606044965
500,CG?????T,5,0.7564413816801155,-8.972719293962191,0.9725780983982871
500,CA????A?,5,0.7275773177043728,-7.617841835872502,0.9680501126709642
500,CT?????T,5,0.6229208437794066,-5.212552572279175,0.8268279073268109
500,?GA?C???,5,0.6957429723660763,-7.504878303183098,0.8635629164845224
500,?T??AT??,5,0.7576613922223465,-7.664641688853983,0.8318300251300041
500,C?C?G???,5,0.5856812455398437,-4.544129823541974,0.456149139229419
500,?G???T?T,5,0.7548537686769478,-8.872763476740392,0.9721437860900233
500,A?C?G???,5,0.06283949007886565,1.5947295324091562,0.003832359077083569
500,?GT?A???,5,0.6017504410100453,-4.814595129099057,0.5496573676013254
500,C???A???,6,0.7930996014090922,-9.115467621114007,0.9606705359928005
500,?T?T????,6,0.7410919316709891,-7.697224761203422,0.883346602900249
500,??A????T,6,0.7527650566233204,-8.046087086495671,0.9623916392594742
500,?A????C?,6,0.36671327041621693,-3.7285100740536605,0.029718425356132228
500,????A?C?,6,0.8798231689258015,-9.867342841618477,0.9025973603505152
500,?G????A?,6,0.7543420182347614,-7.678005301316061,0.9643289490175161
500,???T??T?,6,0.7439305283851314,-7.4521861257686055,0.8952543903472274
500,??????AT,6,0.7798499727556844,-8.299703900256308,0.9655419916034385
500,??A???A?,6,0.7757326849913507,-8.428543922710297,0.9679672500126337
500,??A????G,6,0.8235739684144738,-8.536359785633945,0.8104778190734488
500,??A??G??,6,0.7418294365293746,-7.693776801455323,0.8679657898411126
500,????A??G,6,0.8505820032680572,-8.759344834674513,0.9252474135791937
500,?G????A?,6,0.7543420182347614,-7.678005301316061,0.9643289490175161
500,??????CT,6,0.8814487559366531,-9.065575638093208,0.8432388482260758
500,?G?T????,6,0.7844024073826327,-8.951817195649467,0.9553760154106505
500,????A?A?,6,0.7616911922792796,-8.211431774422813,0.9740537022547008
500,????C???,7,0.9159766007324103,-9.903768591531005,0.41048952143892825
500,??????A?,7,0.8152029634218381,-7.896432513319498,0.9551825719349727
500,??A?????,7,0.7927613984330134,-8.370221581434679,0.926580879184228
500,??A?????,7,0.7927613984330134,-8.370221581434679,0.926580879184228
500,????G???,7,0.28420495028952697,-0.8348492919594013,0.04440041173709264
500,???????A,7,0.9529394546314255,-10.155512642050251,0.7156222500923046
500,???????T,7,0.8122296983239636,-7.82392549714056,0.9534033914113682
500,??????A?,7,0.8152029634218381,-7.896432513319498,0.9551825719349727
500,?G??????,7,0.8440451587746884,-8.799719344634614,0.9135048662166725
500,??A?????,7,0.7927613984330134,-8.370221581434679,0.926580879184228
500,???T????,7,0.7850575203744893,-8.189358608648277,0.9504095348234652
500,???????T,7,0.8122296983239636,-7.82392549714056,0.9534033914113682
500,A???????,7,0.9378866249750137,-9.363665747513153,0.6685940549811433
500,C???????,7,0.816518086666584,-8.466824656891198,0.9529669225529118
500,??????C?,7,1.0774316889381037,-12.812098323450371,0.5476657169624581
500,??A?????,7,0.7927613984330134,-8.370221581434679,0.926580879184228
500,????????,8,0.9370332777345205,-9.884565321123617,0.7583941875014357
1000,CGAT?TTA,1,0.4923937229574236,-7.191334508882711,0.9994752770814503
1000,AT?TCGCC,1,0.5953617339696563,-8.971702534802933,0.981231989014747
1000,A?ATCCCC,1,0.8180823549744997,-11.25963458208888,0.9975953930349266
1000,GGATAG?A,1,0.5749293322961065,-5.262105500005582,0.9218776221476994
1000,CGATATC?,1,0.4443094669435139,-7.9567132726737375,0.9671973023023211
1000,CGATA?CC,1,0.8025682014223086,-12.343155098709461,0.92622000277076
1000,GT?TCGTA,1,0.6961862503914147,-10.185404302492673,0.9883730071009702
1000,ACGATA?C,1,0.6462276867489368,-8.576907969793702,0.8785763974025724
1000,CTAT?GTA,1,0.5807847755815696,-9.185190332479614,0.9831481156283594
1000,?GGTATCC,1,1.101604674190595,-13.606692486395655,0.8738788060216318
1000,?AATATAT,1,0.8275594985347583,-14.460720502061832,0.9846548545928995
1000,CGATAT?C,1,0.8513564884361207,-13.900496779393393,0.8910765452175508
1000,CGA?ATAT,1,0.6290834638404823,-11.449205943176816,0.9981197020046165
1000,ATA?CGCA,1,0.6687639088878891,-9.532261784115386,0.9996805393973274
1000,?AATATAT,1,0.8275594985347583,-14.460720502061832,0.9846548545928995
1000,CGATA?TG,1,0.9096188422166321,-13.283118297667613,0.9581350732377141
1000,CGA?A?CT,2,0.6553591468386684,-9.638565832869025,0.9514205271654798
1000,TGT?AT?C,2,0.6870664811583269,-8.816133052056816,0.8991688469548351
1000,CGATC?A?,2,0.5186353680883647,-7.080526626957936,0.9876120594265314
1000,CA?T?TAT,2,0.7185160915838622,-11.18975577658248,0.9957520050205942
1000,CG?TATC?,2,0.8212495981243869,-13.764012442885853,0.8511363288432374
1000,?AG?ATTG,2,0.42205807826206687,-3.5138102371064726,0.8185810067436159
1000,CGAT?TA?,2,0.6815126624298228,-11.445762294210295,0.9914635712937306
1000,CG?T?TCT,2,0.6586448800043311,-9.59053499902889,0.906787241729671
1000,CG?TATA?,2,0.7100669699694799,-12.028667996561818,0.9870499801468274
1000,??ATATCT,2,0.6192726491574398,-9.048450262444247,0.9877886131503055
1000,CT?TCG?A,2,0.6717053055541814,-9.944397456794267,0.9759426311124602
1000,??ATCTTA,2,0.8318152581667937,-10.437881307085346,0.6121448297284757
1000,C?AT?TAT,2,0.6496820215208333,-10.924277919997197,0.9975045190154559
1000,CTA?C?AA,2,0.8650802109602299,-11.913633825113267,0.8846091143962541
1000,ATA?CGC?,2,0.48573428932577534,-6.75372569561975,0.8993225174289383
1000,A?GA?ACC,2,1.4497178240417543,-19.109878802648794,0.282181329670135
1000,CGAT??A?,3,0.7093072467308738,-10.699371602227021,0.9942905829015158
1000,?GAT??AT,3,0.6932797651422675,-9.933574710216357,0.9879559056876906
1000,GT??CGC?,3,0.46320195710344203,-4.340213237298428,0.7686713694344294
1000,CG?T?T?T,3,0.7270501195335212,-10.830005368897135,0.9931540739102586
1000,?AC?TA?A,3,0.6384222056876789,-4.333470249621181,0.7459409496661997
1000,C??TAT?A,3,0.7784439889816953,-11.062185700686964,0.823989613802588
1000,CGGT?T??,3,0.8746908446539737,-12.118087702698885,0.8372940199588913
1000,?GGTAT??,3,0.7900853177277819,-10.846964158303603,0.9107115112600196
1000,?TATCC??,3,0.5371845716181868,-6.965993580135162,0.77859974314537
1000,CAA?A?A?,3,0.7021733030554989,-9.519854076439195,0.9777146886469879
1000,C???CGCT,3,0.6326382700108544,-7.012383022136027,0.987825544065492
1000,GT?T?G?A,3,0.7765994715819282,-9.686013735417845,0.7738643490108643
1000,?GATA??T,3,0.6469366483339589,-9.372890786709235,0.9819390548420254
1000,?GA??TCT,3,0.5833814929617919,-6.754946140367295,0.9132171791172762
1000,??ATC?CC,3,0.5452165158485497,-7.007247481694665,0.8086822832706068
1000,ATA?C??A,3,0.6639848711868066,-8.391893978872611,0.9731510622641419
1000,C??TAT??,4,0.7911995418690028,-11.596487867835236,0.9647281283049923
1000,C?ATA???,4,0.7789810982687911,-11.327514285476038,0.9739738409163953
1000,CGA??T??,4,0.7622434964767225,-10.860998529122485,0.9781246214791721
1000,CG??A??G,4,0.8684528336153624,-11.497559466775405,0.9024727334834938
1000,?G???CTG,4,0.9359798413101215,-9.661536108942117,0.8639517692145657
1000,?A?T??AT,4,0.8082447433586132,-10.21290718704213,0.9881718224624036
1000,CT??CG??,4,0.6718079238477573,-7.723467414351582,0.9318362265296746
1000,A?AT??T?,4,0.6876338321996851,-7.598283889803867,0.9738105436480872
1000,?TA?CT??,4,0.6988315374390738,-7.48020782079005,0.8914893808914177
1000,C?A?A?A?,4,0.7914263125029753,-11.250971741732538,0.9822233887567856
1000,C?A??T?T,4,0.7713951981674024,-10.744009517935275,0.9851695678175539
1000,CG??A??T,4,0.7791217773776344,-10.696887733496698,0.9863686047579809
1000,G?AT???A,4,0.8024197446648618,-9.44395785372453,0.8570262618355745
1000,CGG??T??,4,0.8938637852434614,-11.14297388906299,0.8548382379615712
1000,??AT??CT,4,0.6967141197476023,-8.601255015207814,0.8845539366759292
1000,CGAT????,4,0.7319488843381404,-10.460133043128478,0.9787056630870424
1000,??A?AT??,5,0.7811981928114,-10.163818652796344,0.9741001985435088
1000,TG??A???,5,0.7155808780966733,-7.085391072861471,0.5065043732069291
1000,CA?A????,5,0.8080500816017837,-6.072167682319689,0.521179942933335
1000,C?G????A,5,0.8507130814978333,-7.86998912773196,0.9221177454321566
1000,A?CA????,5,0.7998760074660226,-7.228310963316585,0.6329514563617595
1000,??A??TC?,5,0.7271094202777318,-8.303425244654939,0.9476632134499942
1000,????ATG?,5,0.7239632038854489,-5.6588137771319955,0.7931435014999524
1000,CG?????T,5,0.8056490484585096,-9.856766160109851,0.9766336995425041
1000,CA????A?,5,0.7971510662839455,-8.769835790648123,0.9750784932437546
1000,CT?????T,5,0.6525630012621694,-5.634275262601715,0.8529773619036845
1000,?GA?C???,5,0.7481659888630185,-8.284834994972986,0.8488207380986814
1000,?T??AT??,5,0.7497783170948146,-7.465004272211498,0.9105527734763106
1000,C?C?G???,5,0.7906823482171104,-6.798017408218594,0.7142033205272018
1000,?G???T?T,5,0.8249298691333028,-10.155364041722446,0.9862064701439761
1000,A?C?G???,5,0.18563926778725098,0.5704457699408638,0.044957012607135804
1000,?GT?A???,5,0.7824362481448158,-7.053781659792846,0.9104001342694293
1000,C???A???,6,0.8489481384877927,-10.06978652619761,0.9697451278096193
1000,?T?T????,6,0.7535875444079817,-7.89254109677789,0.8667699070902004
1000,??A????T,6,0.7726788440324717,-8.397245789760317,0.9566980715298737
1000,?A????C?,6,0.4788727452068922,-3.428146871904832,0.22098538218261776
1000,????A?C?,6,0.875148872334004,-9.753586019435833,0.9057351452848414
1000,?G????A?,6,0.8529618416883659,-9.422245537123821,0.9746695062161025
1000,???T??T?,6,0.8468385745936231,-8.924704832062703,0.9242830355485924
1000,??????AT,6,0.8579229859314651,-9.678359150351623,0.9718687813935166
1000,??A???A?,6,0.810730753814079,-9.03312590555424,0.9717848822451017
1000,??A????G,6,0.7344766917823133,-7.016384033072635,0.9033116547191704
1000,??A??G??,6,0.7911786089533446,-8.469761410581253,0.8701120671358055
1000,????A??G,6,0.8527609513448586,-8.76719784538782,0.9240628889844067
1000,?G????A?,6,0.8529618416883659,-9.422245537123821,0.9746695062161025
1000,??????CT,6,0.839164957145983,-8.318623267032638,0.8743945899440917
1000,?G?T????,6,0.7825438858108915,-8.884796758371346,0.9625429760156047
1000,????A?A?,6,0.8480357949359519,-9.726788568307324,0.9804577576306173
1000,????C???,7,0.9166582529706402,-9.709998521911931,0.5741487639636844
1000,??????A?,7,0.8636046054056427,-8.696779573023385,0.9679916296935177
1000,??A?????,7,0.7614532172751394,-7.825069391837227,0.9470526208069233
1000,??A?????,7,0.7614532172751394,-7.825069391837227,0.9470526208069233
1000,????G???,7,0.6009091047061169,-3.924929529808895,0.37712918162675313
1000,???????A,7,0.8706697490504043,-8.634822169389677,0.84611208170349
1000,???????T,7,0.8288686458816563,-8.093911415614475,0.9600475710434011
1000,??????A?,7,0.8636046054056427,-8.696779573023385,0.9679916296935177
1000,?G??????,7,0.7929374459538181,-7.843927770175679,0.9580351750828129
1000,??A?????,7,0.7614532172751394,-7.825069391837227,0.9470526208069233
1000,???T????,7,0.7830451339400114,-8.135658891048827,0.950381012715279
1000,???????T,7,0.8288686458816563,-8.093911415614475,0.9600475710434011
1000,A???????,7,0.7958598771664391,-6.755762872429615,0.9001323860607957
1000,C???????,7,0.8207909251407898,-8.50770977499081,0.9656856740962457
1000,??????C?,7,0.8529700101714153,-8.800313097126335,0.7523974430816491
1000,??A?????,7,0.7614532172751394,-7.825069391837227,0.9470526208069233
1000,????????,8,0.8226824255934233,-7.780796775294318,0.8905000053252448
2000,CGAT?TTA,1,0.4034685024627191,-5.7366299937890535,0.9966175853755868
2000,AT?TCGCC,1,0.846808858016498,-13.281057695827705,0.9902909924071995
2000,A?ATCCCC,1,0.7752697146789204,-10.606067524911024,0.9989884929419278
2000,GGATAG?A,1,0.6546594444543979,-6.065033767219141,0.9617291075209442
2000,CGATATC?,1,0.5185277564208041,-9.297152921183624,0.9650923084838138
2000,CGATA?CC,1,0.7076464167206059,-10.742954738752777,0.959945222378533
2000,GT?TCGTA,1,0.7255724499056629,-10.675034071762845,0.9907786212367439
2000,ACGATA?C,1,0.7826452098811026,-10.515444615219499,0.9941921896999795
2000,CTAT?GTA,1,0.64484925632333,-10.31706944534649,0.9968621220052736
2000,?GGTATCC,1,1.1694775341175516,-14.452047577176081,0.921214630167814
2000,?AATATAT,1,0.6967769777760292,-11.989453599978797,0.9899787208159475
2000,CGATAT?C,1,0.7933125672090496,-12.926258568947937,0.9318178319500907
2000,CGA?ATAT,1,0.5275348404519097,-9.444494063340342,0.9971782840761402
2000,ATA?CGCA,1,0.8063826569683676,-11.738747511351168,0.984634798974519
2000,?AATATAT,1,0.6967769777760292,-11.989453599978797,0.9899787208159475
2000,CGATA?TG,1,0.6892030722657054,-9.90721576198805,0.975169877915829
2000,CGA?A?CT,2,0.49282099651086714,-6.76641175488102,0.9292535822731525
2000,TGT?AT?C,2,0.7788793991370232,-10.159986355708881,0.9842032624791048
2000,CGATC?A?,2,0.6713316124398548,-9.471308957657113,0.9813048264564371
2000,CA?T?TAT,2,0.6973736172564847,-10.800879346636982,0.9909202950113807
2000,CG?TATC?,2,0.5444469769792656,-8.844046248338815,0.9210010851123412
2000,?AG?ATTG,2,0.3491030533313398,-2.7516678696955412,0.7046939378185018
2000,CGAT?TA?,2,0.7178883057888654,-12.154176704939927,0.9708105697040497
2000,CG?T?TCT,2,0.5503488238766673,-7.635351677664644,0.9696239530254035
2000,CG?TATA?,2,0.71160113934579,-12.07765016120607,0.9777750785443166
2000,??ATATCT,2,0.614796391873887,-8.984038204117375,0.9973716395335336
2000,CT?TCG?A,2,0.6861659320841305,-10.195685733421934,0.9453898200045285
2000,??ATCTTA,2,0.7723119810837832,-9.56176844288034,0.7256481484260707
2000,C?AT?TAT,2,0.6124358062931837,-10.231898987977786,0.9923206911130132
2000,CTA?C?AA,2,0.5743880900501056,-7.323968177695287,0.9538887408582697
2000,ATA?CGC?,2,0.6575940065008341,-9.61275554147223,0.8416750403968005
2000,A?GA?ACC,2,1.33904975387065,-17.329470043056894,0.347247687328618
2000,CGAT??A?,3,0.6961815959121123,-10.476491552014455,0.9778465220683468
2000,?GAT??AT,3,0.6637699240512989,-9.375691140120415,0.9923958167530175
2000,GT??CGC?,3,0.40986233278157297,-3.502563873065759,0.5276503701002554
2000,CG?T?T?T,3,0.7267449467822067,-10.842518721138973,0.9716472251168371
2000,?AC?TA?A,3,0.8734767082806353,-6.8594794492526745,0.5245784620710235
2000,C??TAT?A,3,0.7572427830356007,-10.654689989905808,0.939406477022038
2000,CGGT?T??,3,0.8902131784690994,-12.332795159633271,0.8949219197494208
2000,?GGTAT??,3,0.7823857576590248,-10.684360828017207,0.9692509557993574
2000,?TATCC??,3,0.6348045509147333,-8.328934773243155,0.775987290335838
2000,CAA?A?A?,3,0.7273422214246809,-9.969687252801918,0.982276154253226
2000,C???CGCT,3,0.5206500822647518,-5.172076318578527,0.9734805839692185
2000,GT?T?G?A,3,0.8032268520723437,-10.080159081556689,0.9068511190815588
2000,?GATA??T,3,0.7133906979604244,-10.65344278203158,0.97979352643887
2000,?GA??TCT,3,0.5748533296375427,-6.58240414527091,0.9871090754608199
2000,??ATC?CC,3,0.6660119865679331,-8.78750661681844,0.9513292769872667
2000,ATA?C??A,3,0.6993988594297249,-8.96035085154456,0.9693511601024717
2000,C??TAT??,4,0.7105551938884538,-10.148650565722116,0.973692344878196
2000,C?ATA???,4,0.7294631972621888,-10.42870486563462,0.9783732932556034
2000,CGA??T??,4,0.742412384140909,-10.499429120820372,0.9783791364944415
2000,CG??A??G,4,0.7610228617526039,-9.582628436484153,0.8832345320923497
2000,?G???CTG,4,0.8488714288617132,-8.384147303261543,0.8965110357359739
2000,?A?T??AT,4,0.7709142990974939,-9.539139764812699,0.9904818516953718
2000,CT??CG??,4,0.6649442092205865,-7.623206864063895,0.887037475278058
2000,A?AT??T?,4,0.7451953120622389,-8.477585219593827,0.9781013976216091
2000,?TA?CT??,4,0.6918743949532986,-7.34135542222511,0.9395350143943326
2000,C?A?A?A?,4,0.7815912016279142,-11.069893884740255,0.9830827605085996
2000,C?A??T?T,4,0.7258223853119,-9.909451929675,0.9775460040326747
2000,CG??A??T,4,0.7354992897483041,-9.894510832205857,0.9831286516851684
2000,G?AT???A,4,0.7491489031579723,-8.571595148630028,0.9090975228489647
2000,CGG??T??,4,0.937419014140289,-11.80550017415797,0.9007746214129123
2000,??AT??CT,4,0.6324220927181665,-7.504496407599179,0.9246519477938591
2000,CGAT????,4,0.6822725712829651,-9.59969789324342,0.9743878220436356
2000,??A?AT??,5,0.7629614062908306,-9.824247729791235,0.9780699276652511
2000,TG??A???,5,0.8121703687177723,-8.175466406245453,0.7439967972333787
2000,CA?A????,5,0.8737489358007487,-6.719308637146656,0.5718724919544245
2000,C?G????A,5,0.8758224923085179,-8.262371115869662,0.8918967606139775
2000,A?CA????,5,0.7605491731499276,-6.695824305095703,0.5884049948698232
2000,??A??TC?,5,0.7662206261848531,-8.948604533448393,0.9602252508004945
2000,????ATG?,5,0.7019784755390864,-5.307111102572967,0.8376613054465287
2000,CG?????T,5,0.7395882509267431,-8.638811055317511,0.9869032147096881
2000,CA????A?,5,0.8145694511956539,-9.054073399326796,0.9763583972011565
2000,CT?????T,5,0.7057460823365511,-6.448387810451194,0.9244907295043241
2000,?GA?C???,5,0.7692648566841656,-8.549723802670004,0.8994158722325478
2000,?T??AT??,5,0.8040427729826436,-8.259534397276985,0.9477010062689417
2000,C?C?G???,5,0.9720400152886645,-9.088268696123857,0.7904783155782072
2000,?G???T?T,5,0.7636968273028243,-9.02894765869531,0.9722587597082644
2000,A?C?G???,5,0.07931652446088439,1.617238594932526,0.005473355578815786
2000,?GT?A???,5,0.8618061310112841,-8.19012427347932,0.8848300115753808
2000,C???A???,6,0.7389999544261183,-8.130664410783861,0.971314968328173
2000,?T?T????,6,0.7685299458822515,-8.050774613037758,0.9350465386039302
2000,??A????T,6,0.7375650646136146,-7.757539570188356,0.9726110699869679
2000,?A????C?,6,0.7324792144549205,-6.164490267070517,0.8475073165059279
2000,????A?C?,6,0.741630431470201,-7.505655248737038,0.9371059993908503
2000,?G????A?,6,0.7410382874703737,-7.398931092203567,0.9836699451839066
2000,???T??T?,6,0.8026388439803424,-8.192702061944033,0.9505126844066154
2000,??????AT,6,0.7250984899473969,-7.3138616532796465,0.9785862718877696
2000,??A???A?,6,0.7400814172025939,-7.7842679943299915,0.9718018691808665
2000,??A????G,6,0.7743254736649409,-7.613322798325227,0.9167866754273276
2000,??A??G??,6,0.7799004618748681,-8.235856928023246,0.9284816588613705
2000,????A??G,6,0.7775163370192909,-7.490583871091193,0.9178758732914869
2000,?G????A?,6,0.7410382874703737,-7.398931092203567,0.9836699451839066
2000,??????CT,6,0.6937832719922404,-5.936400956066817,0.9366708269315951
2000,?G?T????,6,0.7187776875842922,-7.7890394680103805,0.9734070144452598
2000,????A?A?,6,0.7491819442054887,-7.958644615956219,0.9850950846275195
2000,????C???,7,0.7532032555585115,-6.857179854581697,0.92577706234426
2000,??????A?,7,0.7211802436335866,-6.271003184654148,0.975615880441908
2000,??A?????,7,0.7376992993037608,-7.393518223901582,0.9651890253683272
2000,??A?????,7,0.7376992993037608,-7.393518223901582,0.9651890253683272
2000,????G???,7,0.7083310547046698,-4.9247856146912286,0.6731722340028445
2000,???????A,7,0.8146827240172143,-7.645960278437071,0.939034760454316
2000,???????T,7,0.7111207991710682,-6.068375233688907,0.9780166125239321
2000,??????A?,7,0.7211802436335866,-6.271003184654148,0.975615880441908
2000,?G??????,7,0.7101567207081098,-6.4606859610842555,0.9658624050671657
2000,??A?????,7,0.7376992993037608,-7.393518223901582,0.9651890253683272
2000,???T????,7,0.7094664176996769,-6.896620771531845,0.9648549659547119
2000,???????T,7,0.7111207991710682,-6.068375233688907,0.9780166125239321
2000,A???????,7,0.8356746137796066,-7.2654416810573,0.9407297796414322
2000,C???????,7,0.7182225113596072,-6.779395568365846,0.9623324719518671
2000,??????C?,7,0.7433846990878715,-6.884128420576115,0.9137321369363431
2000,??A?????,7,0.7376992993037608,-7.393518223901582,0.9651890253683272
2000,????????,8,0.7275604455497016,-6.154835826729477,0.9574097898628462
5000,CGAT?TTA,1,0.5966518973673378,-8.912573907868186,0.9997277902015247
5000,AT?TCGCC,1,0.682945288651817,-10.458647211376235,0.9889562542707676
5000,A?ATCCCC,1,0.7661923867219436,-10.467115904039652,0.9996777226453119
5000,GGATAG?A,1,0.6413494343234386,-5.922705680344796,0.9704878165906505
5000,CGATATC?,1,0.5127583744278467,-9.1927547591038,0.9847239317173787
5000,CGATA?CC,1,0.6572479204631494,-9.887995048988525,0.9921495361046343
5000,GT?TCGTA,1,0.6685849046669599,-9.727868273916826,0.9739056498593268
5000,ACGATA?C,1,0.9337848786406133,-12.721960869551648,0.9885496544304561
5000,CTAT?GTA,1,0.6006758820962917,-9.537968267132964,0.9929100655492433
5000,?GGTATCC,1,1.1724783651868165,-14.465674722512608,0.9730454511731498
5000,?AATATAT,1,0.6512488980345625,-11.133719927351903,0.9900696993391976
5000,CGATAT?C,1,0.6319370041006291,-10.240213890750997,0.9721131377697271
5000,CGA?ATAT,1,0.5794121347803916,-10.467072347691193,0.9993095019104558
5000,ATA?CGCA,1,0.6521707311335099,-9.26900227545628,0.9993556160041297
5000,?AATATAT,1,0.6512488980345625,-11.133719927351903,0.9900696993391976
5000,CGATA?TG,1,0.752570906412756,-10.905985655936297,0.8890598701836099
5000,CGA?A?CT,2,0.6318418912570367,-9.224254940638055,0.9970094004623896
5000,TGT?AT?C,2,0.7774957217043319,-10.144007173266957,0.9669276730771285
5000,CGATC?A?,2,0.6320454200792222,-8.819618534449091,0.99219074855975
5000,CA?T?TAT,2,0.6656900543692141,-10.257541669384372,0.9763042701579595
5000,CG?TATC?,2,0.6316282614590543,-10.368964115726712,0.9520284363380532
5000,?AG?ATTG,2,0.400027254398835,-3.4736958198525083,0.6435828631196264
5000,CGAT?TA?,2,0.6432336240030158,-10.704408955956351,0.998045438901159
5000,CG?T?TCT,2,0.6417367416398899,-9.221744904980302,0.9902300962707349
5000,CG?TATA?,2,0.6517180245813767,-10.908950067413983,0.9935675952252977
5000,??ATATCT,2,0.6856888252832619,-10.212671332340546,0.9975245615690599
5000,CT?TCG?A,2,0.6019372223378241,-8.741825340132262,0.9933088678007131
5000,??ATCTTA,2,0.6231994013330383,-7.522958058399297,0.887229167611222
5000,C?AT?TAT,2,0.6270049991503794,-10.509406605625248,0.9897043944990268
5000,CTA?C?AA,2,0.6046350673508938,-7.7770840719475975,0.9396161970103449
5000,ATA?CGC?,2,0.8843339158303218,-13.381254226905053,0.9848247623678325
5000,A?GA?ACC,2,1.0239336032146418,-12.36534271322338,0.7028226897270176
5000,CGAT??A?,3,0.7024191243869208,-10.557636588072567,0.9959696904168034
5000,?GAT??AT,3,0.6921963115259869,-9.91561036264681,0.9936546833287474
5000,GT??CGC?,3,0.768768073462055,-9.239349389160857,0.972753255458243
5000,CG?T?T?T,3,0.7234298777902757,-10.751845050620512,0.9955948583935433
5000,?AC?TA?A,3,0.8273762160267214,-6.233393437583602,0.6643352155126918
5000,C??TAT?A,3,0.5710622537240526,-7.638228718151396,0.933329193969018
5000,CGGT?T??,3,0.7168298034497237,-9.480266165652653,0.9769050062658062
5000,?GGTAT??,3,0.6661612609724157,-8.847698406989862,0.9650481125619655
5000,?TATCC??,3,0.6260145510768056,-8.141874405677187,0.9283617413477905
5000,CAA?A?A?,3,0.6616373956870956,-8.77770621490995,0.9855292757473352
5000,C???CGCT,3,0.8181375214067349,-10.084229517861601,0.9894383313884372
5000,GT?T?G?A,3,0.7315702062585893,-8.893260541948775,0.9863399821901968
5000,?GATA??T,3,0.6355962135030055,-9.158032846948807,0.9947488332364193
5000,?GA??TCT,3,0.6678849082421092,-8.239459741327504,0.991614056464276
5000,??ATC?CC,3,0.6737792915642395,-8.890886527833166,0.9762388784937399
5000,ATA?C??A,3,0.7079326888071696,-9.094872979049505,0.9797790553940605
5000,C??TAT??,4,0.7181441926548253,-10.284503916287612,0.9822348603665244
5000,C?ATA???,4,0.7095014737195049,-10.074920777648272,0.9810201796633502
5000,CGA??T??,4,0.6993752095637769,-9.68959966548224,0.9913506073719053
5000,CG??A??G,4,0.7331711493718077,-9.050368387518986,0.9679710420883366
5000,?G???CTG,4,0.8207212784710216,-8.008034856976433,0.8259969243991307
5000,?A?T??AT,4,0.7468847720787465,-9.132549190578942,0.9846174283822197
5000,CT??CG??,4,0.7333401380077154,-8.732278233192496,0.9775348801241617
5000,A?AT??T?,4,0.6797980457090546,-7.466519630347959,0.9815352243629559
5000,?TA?CT??,4,0.6736313316434549,-7.076046981535951,0.930255842315639
5000,C?A?A?A?,4,0.7073844122366983,-9.67166136338248,0.9941206229311149
5000,C?A??T?T,4,0.7031972586120879,-9.481217294983963,0.9880647356056311
5000,CG??A??T,4,0.7355397491126121,-9.876683713769657,0.9906092251641372
5000,G?AT???A,4,0.74049792071858,-8.417238182449085,0.9693086551883708
5000,CGG??T??,4,0.7679976850304063,-9.029675221468025,0.9700927463700025
5000,??AT??CT,4,0.6738012769896895,-8.133381344347368,0.9827207173935208
5000,CGAT????,4,0.701515120384323,-9.8950388628785,0.9921621061337876
5000,??A?AT??,5,0.7057061669754572,-8.789626702951617,0.9860039244895564
5000,TG??A???,5,0.809380064678171,-8.060839225273206,0.8767738170114805
5000,CA?A????,5,0.8428433052163342,-6.2089725829645985,0.612751480663902
5000,C?G????A,5,0.7972441085075511,-7.021713476290397,0.9480743786598032
5000,A?CA????,5,0.6531483631702352,-5.216083992757561,0.6954905396167376
5000,??A??TC?,5,0.7033649661300078,-7.873694137527031,0.9741026692164106
5000,????ATG?,5,0.8689305758579724,-7.673808830738748,0.8810471490696103
5000,CG?????T,5,0.7698754138804257,-9.179459218516556,0.991834639170068
5000,CA????A?,5,0.7624320223094629,-8.168283725610978,0.9798325250189319
5000,CT?????T,5,0.6978358512495574,-6.308565341552567,0.9462018322524158
5000,?GA?C???,5,0.7536757309795331,-8.245547260561832,0.9487958453639919
5000,?T??AT??,5,0.6978335994136929,-6.591439907024032,0.9544619738789893
5000,C?C?G???,5,0.827514515663382,-7.14301856285658,0.8172825892029905
5000,?G???T?T,5,0.7841097232227343,-9.380501239744886,0.9931280125958327
5000,A?C?G???,5,0.21659173705215398,0.4460109919360553,0.10942803329293127
5000,?GT?A???,5,0.808945479056201,-7.39630500271649,0.8975270153905918
5000,C???A???,6,0.7539374292905383,-8.382169552804852,0.9829694176637522
5000,?T?T????,6,0.6905559987299639,-6.824764046877386,0.9636080705697794
5000,??A????T,6,0.7208574085813261,-7.442830089870627,0.9881813937792611
5000,?A????C?,6,0.7427621350473385,-6.216301339535105,0.8867744937591018
5000,????A?C?,6,0.728636350006119,-7.285005485988277,0.9665039192132674
5000,?G????A?,6,0.7581594967293596,-7.673275540524698,0.9893029128862569
5000,???T??T?,6,0.707024043101894,-6.79718079114404,0.9585211231548569
5000,??????AT,6,0.7484845297966446,-7.723529917142061,0.9879068919101949
5000,??A???A?,6,0.7139226687525346,-7.290818742037683,0.9893222897678743
5000,??A????G,6,0.6589611947523936,-5.708079566355484,0.9663969698297231
5000,??A??G??,6,0.7600197647050825,-7.889291608717612,0.9672561355430241
5000,????A??G,6,0.7299988379877944,-6.684702223186037,0.9676181926545925
5000,?G????A?,6,0.7581594967293596,-7.673275540524698,0.9893029128862569
5000,??????CT,6,0.7541219535603129,-6.871492457947439,0.983858461731245
5000,?G?T????,6,0.7623099095216097,-8.484893417190694,0.9881147845461792
5000,????A?A?,6,0.7225301791422574,-7.477796349071563,0.9896433377488967
5000,????C???,7,0.739549439945748,-6.6721086220001045,0.9082950407836176
5000,??????A?,7,0.7218342699648294,-6.249112801051381,0.9883754859980719
5000,??A?????,7,0.7214146467067866,-7.108421553802969,0.9880905752712377
5000,??A?????,7,0.7214146467067866,-7.108421553802969,0.9880905752712377
5000,????G???,7,0.7342467370033301,-5.12262733363019,0.8394626590443283
5000,???????A,7,0.6972059662029807,-5.912719514238879,0.9495461056977671
5000,???????T,7,0.7423161871351066,-6.580897675490716,0.9897534540062565
5000,??????A?,7,0.7218342699648294,-6.249112801051381,0.9883754859980719
5000,?G??????,7,0.743691209517642,-6.9742818278048215,0.9810184154984638
5000,??A?????,7,0.7214146467067866,-7.108421553802969,0.9880905752712377
5000,???T????,7,0.7423799805697205,-7.421840494133281,0.984236027688873
5000,???????T,7,0.7423161871351066,-6.580897675490716,0.9897534540062565
5000,A???????,7,0.7479594641485194,-6.027012523076337,0.9542577796846133
5000,C???????,7,0.7344659569718397,-7.036424740411531,0.9798496557765397
5000,??????C?,7,0.7174750388064153,-6.467607798102083,0.9387212044634404
5000,??A?????,7,0.7214146467067866,-7.108421553802969,0.9880905752712377
5000,????????,8,0.7171097363358354,-5.992983752915476,0.9752524533391126
10000,CGAT?TTA,1,0.5733277564897089,-8.522781674948742,0.9998217744984123
10000,AT?TCGCC,1,0.6765681274464314,-10.347669030910119,0.9888159251588298
10000,A?ATCCCC,1,0.7494689071115014,-10.212536861919318,0.9998026261244635
10000,GGATAG?A,1,0.595608026006127,-5.477628538913218,0.9106150037003774
10000,CGATATC?,1,0.4354531114025773,-7.797853204374839,0.9284477569562676
10000,CGATA?CC,1,0.5821005905064208,-8.651311955715402,0.9896739114281308
10000,GT?TCGTA,1,0.7316612444505706,-10.78617369431413,0.9433187046284307
10000,ACGATA?C,1,0.5426976142411927,-7.073291200065425,0.9969900469280067
10000,CTAT?GTA,1,0.5596675362783186,-8.813754019425831,0.9991036097914193
10000,?GGTATCC,1,0.7699512851556992,-9.385493055195283,0.9375795876251573
10000,?AATATAT,1,0.6725283747281863,-11.526565666647103,0.9993619219270541
10000,CGATAT?C,1,0.5673456650466744,-9.16131611618066,0.9804841614373945
10000,CGA?ATAT,1,0.6201134982205596,-11.272913181028821,0.9994061341666606
10000,ATA?CGCA,1,0.6427342494189258,-9.118465811561446,0.9996496561382154
10000,?AATATAT,1,0.6725283747281863,-11.526565666647103,0.9993619219270541
10000,CGATA?TG,1,0.5490214632626557,-7.76556285974564,0.9950033327399269
10000,CGA?A?CT,2,0.6438891877621984,-9.427601616197704,0.9948111166963447
10000,TGT?AT?C,2,0.6257673017217136,-7.808425563639586,0.9908966715146629
10000,CGATC?A?,2,0.6624520627164634,-9.288342016269716,0.9955442541895072
10000,CA?T?TAT,2,0.6813104874622551,-10.51457301655934,0.9971646301306634
10000,CG?TATC?,2,0.5649041293216756,-9.19331540437291,0.9714292447439462
10000,?AG?ATTG,2,0.505933225539216,-4.4092210107486185,0.8597377515921352
10000,CGAT?TA?,2,0.6734586654200624,-11.286973740966742,0.994689888512248
10000,CG?T?TCT,2,0.6232167001134613,-8.900257456769602,0.9917355482322129
10000,CG?TATA?,2,0.6570654865271767,-11.024278085590671,0.9942222395391753
10000,??ATATCT,2,0.6555688049561819,-9.68701253890672,0.996967437723274
10000,CT?TCG?A,2,0.5559187718911028,-7.952660034520484,0.9768001222696175
10000,??ATCTTA,2,0.5238869205257678,-6.1793103677667744,0.8980266340523252
10000,C?AT?TAT,2,0.675944614095286,-11.420380470319074,0.998844261386332
10000,CTA?C?AA,2,0.5720959718414141,-7.271201542155845,0.9605174240965256
10000,ATA?CGC?,2,0.5349919665042118,-7.558857260560848,0.921273102748196
10000,A?GA?ACC,2,0.9448386923489183,-11.152025338840092,0.9225130351104129
10000,CGAT??A?,3,0.7210660858521482,-10.91282470028943,0.9935056774955963
10000,?GAT??AT,3,0.7215847893765798,-10.473064568938216,0.9976530306765915
10000,GT??CGC?,3,0.7677043143571132,-9.219835522099672,0.9497189732833039
10000,CG?T?T?T,3,0.6652658108061335,-9.657585528978386,0.9976325065221784
10000,?AC?TA?A,3,0.9348381102908735,-7.125343784534837,0.8414641061767769
10000,C??TAT?A,3,0.5717353955633138,-7.643648338049119,0.9441636880780597
10000,CGGT?T??,3,0.5702304235375378,-7.17843487547384,0.8606576997600115
10000,?GGTAT??,3,0.5641190971087938,-7.272300165279166,0.9212387477117765
10000,?TATCC??,3,0.635223138400726,-8.276846819164323,0.9077664376166901
10000,CAA?A?A?,3,0.7319580141334417,-10.052183395250562,0.9818020545258936
10000,C???CGCT,3,0.6617532769652061,-7.483308376494897,0.988528789294829
10000,GT?T?G?A,3,0.7580197363907686,-9.328991673462557,0.9511981845229
10000,?GATA??T,3,0.7079001545807344,-10.522037757818715,0.9981152547548295
10000,?GA??TCT,3,0.6564165545712101,-8.0305010236572,0.9973251993320807
10000,??ATC?CC,3,0.7088444595289665,-9.437863878813726,0.967847429334583
10000,ATA?C??A,3,0.7161072735233547,-9.213626234138792,0.9951803538076405
10000,C??TAT??,4,0.6972396200819194,-9.909920873578454,0.9843268421477417
10000,C?ATA???,4,0.7259841596799762,-10.354951990216016,0.986494657529548
10000,CGA??T??,4,0.6810025589303405,-9.357732299218812,0.9920806926062632
10000,CG??A??G,4,0.6253747521958009,-7.175749722972792,0.9465249897180767
10000,?G???CTG,4,0.7465032775663377,-6.8942289955280724,0.934896841172658
10000,?A?T??AT,4,0.7927284865252304,-9.92093929592604,0.9968013971770955
10000,CT??CG??,4,0.6805129114655665,-7.847177589107526,0.971391745866749
10000,A?AT??T?,4,0.7046333265735606,-7.843491477156771,0.9900621912018711
10000,?TA?CT??,4,0.6460619670850671,-6.674069005311583,0.9430892453456423
10000,C?A?A?A?,4,0.7358837516480794,-10.193203753534487,0.9947986503395045
10000,C?A??T?T,4,0.722869409000027,-9.833655210554307,0.9937740162778642
10000,CG??A??T,4,0.7273235696436953,-9.715316788244474,0.9967634507631481
10000,G?AT???A,4,0.725676597336611,-8.165763528033645,0.975559002077754
10000,CGG??T??,4,0.6457840476881762,-7.101253703128911,0.9187848560978572
10000,??AT??CT,4,0.7350253973220026,-9.135639225286448,0.9818651599900833
10000,CGAT????,4,0.6906850522472336,-9.711126189076765,0.9902905278871923
10000,??A?AT??,5,0.7151644804138731,-8.944735368241748,0.9916211829831073
10000,TG??A???,5,0.7032110056197779,-6.5424973832698425,0.9150418638870098
10000,CA?A????,5,0.8681502374497941,-6.411327172798343,0.6138512174328378
10000,C?G????A,5,0.624619555280876,-4.537230175469683,0.9378603464280959
10000,A?CA????,5,0.7073318497497296,-5.811473916474183,0.8114223237435318
10000,??A??TC?,5,0.7144440713932152,-8.055939431963292,0.982487893454248
10000,????ATG?,5,0.7925732590378192,-6.518754065314346,0.9240684482918765
10000,CG?????T,5,0.7208197444329209,-8.284347789954015,0.9965266201053478
10000,CA????A?,5,0.7895902233949558,-8.603178979531961,0.9898454301710696
10000,CT?????T,5,0.6742607205968066,-5.945711699389481,0.9523916785214124
10000,?GA?C???,5,0.6912687402518303,-7.311338447858237,0.9568690807667299
10000,?T??AT??,5,0.6746456430411714,-6.220418882131315,0.9808267984581303
10000,C?C?G???,5,0.8789988787588094,-7.800302525848331,0.8147071709824064
10000,?G???T?T,5,0.7383656962622257,-8.52505364491481,0.9959100304263886
10000,A?C?G???,5,0.4057606358083874,-1.4684590770908423,0.45218072040332835
10000,?GT?A???,5,0.7592142485422553,-6.668199434181121,0.9469034971803459
10000,C???A???,6,0.7317795601305949,-7.981874292009822,0.9892071884050945
10000,?T?T????,6,0.6825479091973847,-6.692479332505193,0.973315237183884
10000,??A????T,6,0.7415532704138883,-7.789785642992683,0.9924994788411378
10000,?A????C?,6,0.7397091821645827,-6.117661054990528,0.956918990466013
10000,????A?C?,6,0.7089819042142398,-6.932800993104933,0.9803256156768808
10000,?G????A?,6,0.7274683317456967,-7.1327343558291965,0.9957041565627385
10000,???T??T?,6,0.6923160737078294,-6.537963377531726,0.969988057058803
10000,??????AT,6,0.7496965720400303,-7.723098045066254,0.9944886411616112
10000,??A???A?,6,0.7458740412979141,-7.839213993211207,0.9942678758958796
10000,??A????G,6,0.6663864692752006,-5.791531099231813,0.9769747551007042
10000,??A??G??,6,0.7089986800910526,-7.0587655510223275,0.9764297807339787
10000,????A??G,6,0.6858476075464559,-5.947784893077394,0.9761984377928319
10000,?G????A?,6,0.7274683317456967,-7.1327343558291965,0.9957041565627385
10000,??????CT,6,0.7435418720747046,-6.681292495904794,0.9827201443075246
10000,?G?T????,6,0.7056972680283411,-7.540173045246485,0.9930755887547084
10000,????A?A?,6,0.7297124361231788,-7.587136806431725,0.9949731882911687
10000,????C???,7,0.7180259979828978,-6.305601025601539,0.9284892440925104
10000,??????A?,7,0.7292894564886948,-6.360203750922237,0.993451660668696
10000,??A?????,7,0.7107368347649605,-6.918652364799698,0.9899260365507717
10000,??A?????,7,0.7107368347649605,-6.918652364799698,0.9899260365507717
10000,????G???,7,0.771690315448011,-5.492360777698054,0.8944808509704071
10000,???????A,7,0.6591086298809166,-5.3574402760696245,0.9541652977553816
10000,???????T,7,0.7378474161600925,-6.4849294211271165,0.9934296976928039
10000,??????A?,7,0.7292894564886948,-6.360203750922237,0.993451660668696
10000,?G??????,7,0.688633516523523,-6.071412469594478,0.9904658485956691
10000,??A?????,7,0.7107368347649605,-6.918652364799698,0.9899260365507717
10000,???T????,7,0.720460534855471,-7.050117088338294,0.9892433351202925
10000,???????T,7,0.7378474161600925,-6.4849294211271165,0.9934296976928039
10000,A???????,7,0.7317373145452077,-5.724847153568871,0.9705453852813811
10000,C???????,7,0.6964211729187959,-6.39296105547799,0.9856374528884998
10000,??????C?,7,0.671902206617443,-5.733099663572657,0.9529034945409107
10000,??A?????,7,0.7107368347649605,-6.918652364799698,0.9899260365507717
10000,????????,8,0.6961702686367665,-5.6481094110950245,0.9813213656934925
15000,CGAT?TTA,1,0.6033351682609326,-9.02003119366113,0.9999974105870888
15000,AT?TCGCC,1,0.6901235400446648,-10.57958704011721,0.9906780473533845
15000,A?ATCCCC,1,0.670575232975541,-9.019661397427322,0.9983598774780067
15000,GGATAG?A,1,0.5688673176368313,-5.198194672018306,0.9222383800545584
15000,CGATATC?,1,0.5335568093782906,-9.567681641726407,0.9856915909757662
15000,CGATA?CC,1,0.5312234558110608,-7.81165881801331,0.999841326350943
15000,GT?TCGTA,1,0.7708785589027813,-11.440607382038264,0.9438683985444745
15000,ACGATA?C,1,0.6315874187956907,-8.332941747986824,0.9968458646026752
15000,CTAT?GTA,1,0.5693775975242973,-8.985605806382273,0.9977655293391194
15000,?GGTATCC,1,0.6988160054577821,-8.502952653540989,0.9120226079482285
15000,?AATATAT,1,0.600032167822508,-10.162461448643814,0.9995989965726396
15000,CGATAT?C,1,0.530123976490786,-8.549607991808228,0.9991258275225615
15000,CGA?ATAT,1,0.5883216707911065,-10.644804874318195,0.9999982869882748
15000,ATA?CGCA,1,0.5695198813106143,-7.960078308256454,0.9989654663480564
15000,?AATATAT,1,0.600032167822508,-10.162461448643814,0.9995989965726396
15000,CGATA?TG,1,0.501808840881708,-7.050376760401652,0.985138915612622
15000,CGA?A?CT,2,0.5640787907833555,-8.015910392363395,0.9962178893052728
15000,TGT?AT?C,2,0.665383387399935,-8.416545583011638,0.9879299557987496
15000,CGATC?A?,2,0.6750124408679632,-9.48938897438471,0.9972074774252649
15000,CA?T?TAT,2,0.6251922810124856,-9.52011735016276,0.9964904161449084
15000,CG?TATC?,2,0.6283456216901213,-10.307820989650153,0.9868124561157189
15000,?AG?ATTG,2,0.7049820095464854,-6.838946905099249,0.9134285616940016
15000,CGAT?TA?,2,0.6549232212827807,-10.92958650058177,0.9988866428436881
15000,CG?T?TCT,2,0.622375354073638,-8.878353240423582,0.9977632239866645
15000,CG?TATA?,2,0.6592173769803864,-11.055668140036595,0.9988122987131581
15000,??ATATCT,2,0.646499134239711,-9.531765114871892,0.9954046477502404
15000,CT?TCG?A,2,0.6100357350418547,-8.876429009350181,0.9984716890973475
15000,??ATCTTA,2,0.5576621726794565,-6.637406053583731,0.8836569703252162
15000,C?AT?TAT,2,0.6412777304035441,-10.768134286499421,0.9980794049634164
15000,CTA?C?AA,2,0.6618969505578721,-8.662141372954217,0.9943481124600781
15000,ATA?CGC?,2,0.608385569278852,-8.78406401095557,0.993991948626956
15000,A?GA?ACC,2,0.7566631312694339,-8.635852333716109,0.9798263657429858
15000,CGAT??A?,3,0.6915306679300182,-10.354600978442345,0.9976128232754891
15000,?GAT??AT,3,0.6747107477222052,-9.579445003222988,0.9987158746360295
15000,GT??CGC?,3,0.718142319973123,-8.420264723243845,0.9792072490517879
15000,CG?T?T?T,3,0.7074239490851902,-10.453507582896528,0.9959017125384221
15000,?AC?TA?A,3,0.9014629533220221,-6.785956015340393,0.8435438475110173
15000,C??TAT?A,3,0.6668139235544326,-9.161490418591583,0.9796081591187109
15000,CGGT?T??,3,0.6866584859306372,-8.984455715698498,0.9869052817042796
15000,?GGTAT??,3,0.6492375479322315,-8.561651306089411,0.9869493277743653
15000,?TATCC??,3,0.6521152148738287,-8.494751306152526,0.9726958004305428
15000,CAA?A?A?,3,0.6847807541291692,-9.190098203037497,0.9899924345231391
15000,C???CGCT,3,0.5487850808949654,-5.621711443505761,0.9753635474499959
15000,GT?T?G?A,3,0.7064134643669594,-8.483619051442231,0.9607333773459623
15000,?GATA??T,3,0.675371809507618,-9.913190537162667,0.9966670277655321
15000,?GA??TCT,3,0.6611465812471468,-8.116261012311453,0.9989994107782247
15000,??ATC?CC,3,0.6591320123833206,-8.663813584381684,0.9882571181049702
15000,ATA?C??A,3,0.6918932519616111,-8.832391311627667,0.9898395335746474
15000,C??TAT??,4,0.7087256302397166,-10.098568286606048,0.9916613764751043
15000,C?ATA???,4,0.7163847551102364,-10.176047286266934,0.9945243215215193
15000,CGA??T??,4,0.7068764219080212,-9.82815510231966,0.9959333915789618
15000,CG??A??G,4,0.7157303888123453,-8.73867498764648,0.9926099881431091
15000,?G???CTG,4,0.6965894169510559,-6.195255184860534,0.9417652321850607
15000,?A?T??AT,4,0.7208696468460329,-8.660057752100531,0.9942365691475566
15000,CT??CG??,4,0.734602423636588,-8.748234365644555,0.9832418280458298
15000,A?AT??T?,4,0.7228032947099726,-8.125694370504299,0.993226529369498
15000,?TA?CT??,4,0.6658429472074319,-6.9478883709412695,0.9627140851213551
15000,C?A?A?A?,4,0.7203154670523719,-9.901874425934679,0.9968918659996078
15000,C?A??T?T,4,0.7110800435527602,-9.619746008434415,0.9965823704523206
15000,CG??A??T,4,0.7169543342185906,-9.524948319543121,0.9976742084038628
15000,G?AT???A,4,0.697853375636768,-7.762350145897178,0.9824141303001114
15000,CGG??T??,4,0.7189153909274267,-8.224457623612844,0.9927184719009842
15000,??AT??CT,4,0.6734653245151474,-8.126599984517284,0.9925167846259755
15000,CGAT????,4,0.6949167676019244,-9.778643664578901,0.9957622926249111
15000,??A?AT??,5,0.7230911018160132,-9.091491515538864,0.9950210012782752
15000,TG??A???,5,0.7281113140177599,-6.833847310086837,0.9664302876143568
15000,CA?A????,5,0.870689708067914,-6.317748228951881,0.6845214160759183
15000,C?G????A,5,0.7836612615567317,-6.789871314895908,0.9747072446291108
15000,A?CA????,5,0.6736945499184144,-5.368291285448615,0.8702701646736892
15000,??A??TC?,5,0.6965066029001707,-7.752635015780502,0.9940269018465069
15000,????ATG?,5,0.777572249603302,-6.29317758867365,0.9443229579907383
15000,CG?????T,5,0.7253788700522679,-8.37108525082986,0.9943923809778409
15000,CA????A?,5,0.7627941679105148,-8.150595733512901,0.9912668596176882
15000,CT?????T,5,0.6884349259483626,-6.164073154499838,0.9611588702953605
15000,?GA?C???,5,0.739506929057378,-8.012303234140296,0.9791840850612795
15000,?T??AT??,5,0.7157342665148787,-6.857993085595578,0.9812802262422514
15000,C?C?G???,5,0.784642514171896,-6.521753815039665,0.8795516880026015
15000,?G???T?T,5,0.7376820200397373,-8.518483597729908,0.9934187332265279
15000,A?C?G???,5,0.41555651138086525,-1.5584168202926585,0.5307608476255176
15000,?GT?A???,5,0.7814424865030015,-6.962104961857333,0.9618645303992347
15000,C???A???,6,0.7319475329876511,-7.971787460138622,0.9952368904537935
15000,?T?T????,6,0.7139185180424681,-7.164246400820381,0.9771451315156845
15000,??A????T,6,0.7230772577089486,-7.468747100778321,0.9961360096738636
15000,?A????C?,6,0.7213168382827535,-5.841388490180563,0.9584195298478924
15000,????A?C?,6,0.7134053504886017,-6.9961497588028,0.9895674438506048
15000,?G????A?,6,0.7202749946847168,-6.999103668931153,0.9956776603675341
15000,???T??T?,6,0.7259947854717417,-7.012324090554557,0.9821059203818264
15000,??????AT,6,0.7329701570187832,-7.429835221133263,0.9939893944565726
15000,??A???A?,6,0.7272274491383894,-7.505001044652166,0.9949727903193327
15000,??A????G,6,0.6827012677370008,-6.050575772908594,0.9835270198849649
15000,??A??G??,6,0.7177655224350834,-7.202024623086502,0.9833994825976778
15000,????A??G,6,0.7239698704098926,-6.543450391689818,0.9865966857822779
15000,?G????A?,6,0.7202749946847168,-6.999103668931153,0.9956776603675341
15000,??????CT,6,0.6970476287017402,-5.959468653177911,0.9852784180502394
15000,?G?T????,6,0.7319136080341452,-7.956588352200396,0.9959903164804563
15000,????A?A?,6,0.717918801568851,-7.388817557537153,0.9910701034568591
15000,????C???,7,0.7305170029265632,-6.447074111262463,0.9687734373638194
15000,??????A?,7,0.7317401136166742,-6.379176127165009,0.9946287341352426
15000,??A?????,7,0.7322898037502549,-7.260706389769103,0.9932188524013077
15000,??A?????,7,0.7322898037502549,-7.260706389769103,0.9932188524013077
15000,????G???,7,0.7357918752986948,-5.034591567933604,0.9033346906201348
15000,???????A,7,0.7288315104739918,-6.313406285314984,0.9776144676918309
15000,???????T,7,0.7341044250972013,-6.417782533353487,0.9948368402789234
15000,??????A?,7,0.7317401136166742,-6.379176127165009,0.9946287341352426
15000,?G??????,7,0.7221181594327107,-6.583220749171561,0.994075637391491
15000,??A?????,7,0.7322898037502549,-7.260706389769103,0.9932188524013077
15000,???T????,7,0.7475310266463083,-7.4760419931150786,0.9909890691182526
15000,???????T,7,0.7341044250972013,-6.417782533353487,0.9948368402789234
15000,A???????,7,0.7427448001471458,-5.882764601202779,0.9742990887427849
15000,C???????,7,0.7337715200919344,-6.985129288335154,0.9907290610658065
15000,??????C?,7,0.7063873735242221,-6.236406493542395,0.9790037621786084
15000,??A?????,7,0.7322898037502549,-7.260706389769103,0.9932188524013077
15000,????????,8,0.7347644692626002,-6.2047697456664235,0.9897776686451782
20000,CGAT?TTA,1,0.5616378803675616,-8.330407838466947,0.999931824485186
20000,AT?TCGCC,1,0.6499530668327602,-9.88972685042341,0.9906180925670165
20000,A?ATCCCC,1,0.654430463363798,-8.774918007755852,0.9987439865871877
20000,GGATAG?A,1,0.6169538953652349,-5.6775549711633975,0.9541657838021642
20000,CGATATC?,1,0.5623620819650711,-10.08661383214562,0.9999955378336189
20000,CGATA?CC,1,0.582532454066237,-8.653720135697966,0.996797490520494
20000,GT?TCGTA,1,0.7159549191379985,-10.525698916738161,0.9410273587580598
20000,ACGATA?C,1,0.5909145132844126,-7.7557768903777164,0.9979237168284072
20000,CTAT?GTA,1,0.6010562937104315,-9.543556657358552,0.9986007872480852
20000,?GGTATCC,1,0.7489912346057479,-9.117586535863978,0.9591615803593868
20000,?AATATAT,1,0.571941993483141,-9.635833843276448,0.9995807114765952
20000,CGATAT?C,1,0.5209974936965467,-8.398211480508596,0.9946665062891658
20000,CGA?ATAT,1,0.5748447950171441,-10.378410858880411,0.9999155411988743
20000,ATA?CGCA,1,0.5774305923557065,-8.085109538082202,0.9992007345193926
20000,?AATATAT,1,0.571941993483141,-9.635833843276448,0.9995807114765952
20000,CGATA?TG,1,0.4746862512077024,-6.642679708298952,0.9819335288156407
20000,CGA?A?CT,2,0.6372562176661654,-9.311943297205563,0.9994251981779265
20000,TGT?AT?C,2,0.62372754452128,-7.78131776634037,0.9887109364733564
20000,CGATC?A?,2,0.6093378822393599,-8.456935465854214,0.9979496579698327
20000,CA?T?TAT,2,0.6244970950799723,-9.502711077388735,0.9990935549250601
20000,CG?TATC?,2,0.6207425159910378,-10.173637761090355,0.9973066157590916
20000,?AG?ATTG,2,0.6293730497032481,-5.886075399095452,0.9240929439901466
20000,CGAT?TA?,2,0.633160732587111,-10.516651859228926,0.9995326972766215
20000,CG?T?TCT,2,0.6065104663169623,-8.599294127863885,0.9984195811541344
20000,CG?TATA?,2,0.6470210061430972,-10.823076396943794,0.9997109865532768
20000,??ATATCT,2,0.6611266664536245,-9.784979530865805,0.9989724553437662
20000,CT?TCG?A,2,0.6538757302807484,-9.630732231095983,0.9991512745503963
20000,??ATCTTA,2,0.5635227343700251,-6.704287365074232,0.9312239840928713
20000,C?AT?TAT,2,0.651822627094518,-10.966513107976414,0.9985636199639341
20000,CTA?C?AA,2,0.6558557685592675,-8.570831015212923,0.9980934641793048
20000,ATA?CGC?,2,0.5989459989688034,-8.623259937754629,0.9954853461437699
20000,A?GA?ACC,2,0.7088814446831487,-8.002080689667835,0.9710584095299729
20000,CGAT??A?,3,0.6787548990316821,-10.114700964326785,0.999107954443205
20000,?GAT??AT,3,0.6877696562831955,-9.829408327310054,0.9989426349228671
20000,GT??CGC?,3,0.7235906685439601,-8.504554067889046,0.9954174656254068
20000,CG?T?T?T,3,0.6862833245222536,-10.050837080430368,0.9989248644776092
20000,?AC?TA?A,3,0.8762118672846283,-6.524860964535085,0.8548029121492768
20000,C??TAT?A,3,0.6675416020841104,-9.168790572662221,0.9902944725137769
20000,CGGT?T??,3,0.6722042752827713,-8.756632358530428,0.9823137653998705
20000,?GGTAT??,3,0.6600657984254299,-8.733186749030562,0.987537157495842
20000,?TATCC??,3,0.6447023099533556,-8.388836044187423,0.9809049268924954
20000,CAA?A?A?,3,0.6889632194032452,-9.26474694420359,0.9906093929197393
20000,C???CGCT,3,0.6798912306681562,-7.790869512414264,0.9910744939537776
20000,GT?T?G?A,3,0.7109168478540985,-8.559428244419822,0.9633301770891844
20000,?GATA??T,3,0.6643019047230557,-9.697402416542104,0.9989126681284196
20000,?GA??TCT,3,0.6602010421793131,-8.100642782049066,0.9993612627460325
20000,??ATC?CC,3,0.6591138007682504,-8.657333675762317,0.9904657927055893
20000,ATA?C??A,3,0.7073398109960107,-9.07772908301597,0.9944381497698588
20000,C??TAT??,4,0.6974224371470383,-9.895180788708302,0.9954188542963458
20000,C?ATA???,4,0.7077742759513521,-10.018846310322385,0.9960227393533432
20000,CGA??T??,4,0.6977005502060043,-9.656251747261148,0.9977644872993542
20000,CG??A??G,4,0.698108327350154,-8.429540953854517,0.9928715176693085
20000,?G???CTG,4,0.700592437981399,-6.250281329594632,0.9426258077779692
20000,?A?T??AT,4,0.716642468345483,-8.584231794152451,0.9968703965938046
20000,CT??CG??,4,0.7229307241161315,-8.551772641411414,0.9833278370281057
20000,A?AT??T?,4,0.7079663326377019,-7.894294876858043,0.9929330413638583
20000,?TA?CT??,4,0.6653229275113842,-6.9329128916421,0.9781253984845807
20000,C?A?A?A?,4,0.7170254857868474,-9.838387958586411,0.9975881369646875
20000,C?A??T?T,4,0.7106806114763162,-9.608796731892589,0.998242235040308
20000,CG??A??T,4,0.7036571527136762,-9.273994214877595,0.9986684341385162
20000,G?AT???A,4,0.718459579010564,-8.0648723587543,0.9842972141010291
20000,CGG??T??,4,0.708715002829416,-8.065071774650576,0.9882211396922035
20000,??AT??CT,4,0.6886935079520506,-8.370417196751927,0.9941583212600782
20000,CGAT????,4,0.6852356016994644,-9.603224465950209,0.9979234708566272
20000,??A?AT??,5,0.7240258133346582,-9.105220664654604,0.9963905206180959
20000,TG??A???,5,0.7121459343190073,-6.614223926455242,0.9723376524033016
20000,CA?A????,5,0.8721148673935369,-6.333225665178722,0.6817804314105932
20000,C?G????A,5,0.7495749172048343,-6.297711648367338,0.9741521887863897
20000,A?CA????,5,0.6855802054288704,-5.493302592197468,0.89054660119165
20000,??A??TC?,5,0.7176162799524737,-8.108651065091342,0.9930321534279519
20000,????ATG?,5,0.7680220803815612,-6.145915155504711,0.9480686803726844
20000,CG?????T,5,0.7167802489777773,-8.211576453272171,0.9968784762995192
20000,CA????A?,5,0.761127310740292,-8.117231653762769,0.9925521979803914
20000,CT?????T,5,0.692720723421643,-6.230897719408032,0.9723767681973825
20000,?GA?C???,5,0.7233797827621469,-7.770006228112963,0.9832828934856137
20000,?T??AT??,5,0.7103674170219376,-6.771340608867183,0.986051773749606
20000,C?C?G???,5,0.7856540922855515,-6.524941567913727,0.8877224962926368
20000,?G???T?T,5,0.7307464731254506,-8.386841115578175,0.9962553088697661
20000,A?C?G???,5,0.47125020898582914,-2.1368848220086756,0.6794732940366686
20000,?GT?A???,5,0.741916648902352,-6.411437127488343,0.9594391418470126
20000,C???A???,6,0.7249005820024248,-7.848483861079678,0.9951036746146978
20000,?T?T????,6,0.7068333701911245,-7.051161153339321,0.9872214792444087
20000,??A????T,6,0.7198713112094023,-7.411433037446389,0.9958440964834024
20000,?A????C?,6,0.7128488233687276,-5.71744817831931,0.965617499782081
20000,????A?C?,6,0.7282330866935224,-7.233794412494973,0.9906782485266046
20000,?G????A?,6,0.713194851482087,-6.874062162878388,0.9965853771479553
20000,???T??T?,6,0.7195349488116791,-6.9155135192789,0.9853967804483207
20000,??????AT,6,0.7305187260660575,-7.38644872001652,0.9956929500569952
20000,??A???A?,6,0.7251045505795446,-7.469745687263696,0.9960573431423171
20000,??A????G,6,0.680572432827231,-6.0190113411763235,0.9813106740156475
20000,??A??G??,6,0.7177261630909012,-7.197513121418778,0.9858858108721893
20000,????A??G,6,0.7277655996939576,-6.6070183600657835,0.9861231908545344
20000,?G????A?,6,0.713194851482087,-6.874062162878388,0.9965853771479553
20000,??????CT,6,0.7021243868158304,-6.030804856424121,0.9896311600705125
20000,?G?T????,6,0.7118416508870523,-7.618420602810748,0.9969835770283034
20000,????A?A?,6,0.7183339162417534,-7.387657288860997,0.9943435988056689
20000,????C???,7,0.7277302287489024,-6.404749087720987,0.9673333466158833
20000,??????A?,7,0.7221023178005143,-6.224163979127907,0.9952260358571187
20000,??A?????,7,0.7178152057328674,-7.024255085266834,0.9947215714180385
20000,??A?????,7,0.7178152057328674,-7.024255085266834,0.9947215714180385
20000,????G???,7,0.7387536193500851,-5.066915280854955,0.9158757210927957
20000,???????A,7,0.7191601790765584,-6.176549803460735,0.9784367954122055
20000,???????T,7,0.7230983590784422,-6.231314786774839,0.9947941346460173
20000,??????A?,7,0.7221023178005143,-6.224163979127907,0.9952260358571187
20000,?G??????,7,0.7066577233931409,-6.336639371346186,0.9942042373768456
20000,??A?????,7,0.7178152057328674,-7.024255085266834,0.9947215714180385
20000,???T????,7,0.7216016210418233,-7.050351336483237,0.9943387197727176
20000,???????T,7,0.7230983590784422,-6.231314786774839,0.9947941346460173
20000,A???????,7,0.728425276166211,-5.668425970790751,0.9801267337447475
20000,C???????,7,0.714927792815325,-6.673899161336178,0.992033577660875
20000,??????C?,7,0.6977632856717334,-6.103544696687592,0.9788082236452147
20000,??A?????,7,0.7178152057328674,-7.024255085266834,0.9947215714180385
20000,????????,8,0.712029969675647,-5.8557199645828,0.9906745609547664
22500,CGAT?TTA,1,0.46216846364648334,-6.693474905307246,0.9980002509277849
22500,AT?TCGCC,1,0.5584101466500465,-8.32975607047704,0.9949299124801613
22500,A?ATCCCC,1,0.5885800229954794,-7.784209062708156,0.9989049575291715
22500,GGATAG?A,1,0.5768466143346964,-5.275691743117588,0.9330413662643908
22500,CGATATC?,1,0.6114076742143691,-10.973712428523756,0.9937137172298264
22500,CGATA?CC,1,0.5397640168876248,-7.951202331862799,0.9998473531639044
22500,GT?TCGTA,1,0.6717309870286075,-9.790192649705986,0.9413333573974192
22500,ACGATA?C,1,0.6962678737725027,-9.267281067152831,0.9947061532194416
22500,CTAT?GTA,1,0.6604395237390047,-10.59387961778502,0.9996338166122893
22500,?GGTATCC,1,0.6141366957166517,-7.46059696067466,0.8622564981778325
22500,?AATATAT,1,0.5586418045137104,-9.388161382842966,0.9991409139881018
22500,CGATAT?C,1,0.5505015034632751,-8.892384688413843,0.9736043190842584
22500,CGA?ATAT,1,0.5725254821831088,-10.336409148694383,0.9994584985907036
22500,ATA?CGCA,1,0.5785676864121593,-8.104853527799191,0.999913967233507
22500,?AATATAT,1,0.5586418045137104,-9.388161382842966,0.9991409139881018
22500,CGATA?TG,1,0.47568369345291495,-6.657019378218026,0.9770389794606886
22500,CGA?A?CT,2,0.6495251868903816,-9.533429922737588,0.9965651594868917
22500,TGT?AT?C,2,0.5935906789723,-7.332128057817641,0.9702310803075725
22500,CGATC?A?,2,0.5412514753149058,-7.399093093617885,0.9916890995286861
22500,CA?T?TAT,2,0.6205752796123961,-9.436496834757529,0.997167521518533
22500,CG?TATC?,2,0.5763115617075963,-9.403447690609763,0.9565742849857932
22500,?AG?ATTG,2,0.6550944481379014,-6.236026146534013,0.8957710354171331
22500,CGAT?TA?,2,0.6072584774228833,-10.031638047706519,0.9983630294198347
22500,CG?T?TCT,2,0.5920759690458703,-8.35167766842614,0.9969544046713309
22500,CG?TATA?,2,0.6103989838381025,-10.143594588567096,0.997570952772544
22500,??ATATCT,2,0.6496120603579177,-9.589908737203633,0.9978083039861845
22500,CT?TCG?A,2,0.5910576170316771,-8.551592086960817,0.9979795029666837
22500,??ATCTTA,2,0.6088239970783966,-7.3280099924162885,0.8277890820160108
22500,C?AT?TAT,2,0.6363690975544046,-10.680067162372408,0.9977728221742035
22500,CTA?C?AA,2,0.7180544199864748,-9.54935798373019,0.9854095810580721
22500,ATA?CGC?,2,0.63315385677738,-9.195930688695844,0.9878123435843942
22500,A?GA?ACC,2,0.773958639849829,-8.891636427335854,0.936804787134723
22500,CGAT??A?,3,0.6647120574379667,-9.857741382541985,0.9980854864641739
22500,?GAT??AT,3,0.6786649955843718,-9.664039472068712,0.9976126541207583
22500,GT??CGC?,3,0.7102541128019093,-8.292312483089997,0.9556280940101431
22500,CG?T?T?T,3,0.6551708035931029,-9.477965647359364,0.9975323576305486
22500,?AC?TA?A,3,0.979269576795443,-7.603029828307294,0.816943262125424
22500,C??TAT?A,3,0.6630699677582997,-9.094106893513402,0.9888271481284238
22500,CGGT?T??,3,0.7227452645953203,-9.575450030447548,0.9758512503573024
22500,?GGTAT??,3,0.6842932685192437,-9.126693670468011,0.9717512233362822
22500,?TATCC??,3,0.6292512772475874,-8.173694149486245,0.9603551788591735
22500,CAA?A?A?,3,0.6647368403052275,-8.827869939958342,0.9881773200599208
22500,C???CGCT,3,0.7377930682017455,-8.753661624304108,0.9905683488483031
22500,GT?T?G?A,3,0.6977377365116393,-8.34493249431441,0.9850184891805496
22500,?GATA??T,3,0.6676348538311772,-9.769930143523892,0.9979203424100294
22500,?GA??TCT,3,0.6633361681127752,-8.15667275401602,0.9982840384475986
22500,??ATC?CC,3,0.6512593917096479,-8.544591711419645,0.9852054527036456
22500,ATA?C??A,3,0.7144590642104798,-9.195930643451758,0.993429397208339
22500,C??TAT??,4,0.67660854107282,-9.53422241692865,0.9942514604331033
22500,C?ATA???,4,0.7063115418467049,-9.99634726169703,0.9951614403723236
22500,CGA??T??,4,0.6932986682997195,-9.579152919926708,0.9947388118045153
22500,CG??A??G,4,0.698050008109138,-8.43646452455354,0.9842375882933062
22500,?G???CTG,4,0.6175929633391803,-5.072536428189604,0.907326820297693
22500,?A?T??AT,4,0.6968704349549444,-8.248034939027837,0.9951298339926469
22500,CT??CG??,4,0.7032945025094046,-8.225236618973112,0.9784399104986514
22500,A?AT??T?,4,0.7147602779059935,-8.001374545569096,0.9920394638193347
22500,?TA?CT??,4,0.6559831911192829,-6.815082984541199,0.9425353896772387
22500,C?A?A?A?,4,0.7046607802369443,-9.61184013110038,0.9965334463906634
22500,C?A??T?T,4,0.7028852808605588,-9.46936519592115,0.9975747663458057
22500,CG??A??T,4,0.6814447572189097,-8.868989145290504,0.9980616134137342
22500,G?AT???A,4,0.707464230562167,-7.9034023709206185,0.9858294091421443
22500,CGG??T??,4,0.7580862720570571,-8.86138175409151,0.9822662493603646
22500,??AT??CT,4,0.7241761072266067,-8.95898847675831,0.9887001518218472
22500,CGAT????,4,0.6847953187758866,-9.600567847763822,0.9965481477518159
22500,??A?AT??,5,0.7256810242145313,-9.136020917932306,0.9956253959628043
22500,TG??A???,5,0.7887324087882253,-7.692793687381572,0.9488285510654154
22500,CA?A????,5,0.8544749220456122,-6.164045999567158,0.6585621332068284
22500,C?G????A,5,0.7453707244076493,-6.248428424250318,0.9769309960757272
22500,A?CA????,5,0.6492786182913308,-5.0734430148570375,0.8723672976653232
22500,??A??TC?,5,0.7194358380932769,-8.143322657572655,0.9905461860361496
22500,????ATG?,5,0.7496745243748465,-5.871704484207632,0.9489230027172793
22500,CG?????T,5,0.6969115533762331,-7.865126482499761,0.9958605313120025
22500,CA????A?,5,0.7483252259294947,-7.912154502065925,0.9898943216315792
22500,CT?????T,5,0.6977303634238716,-6.323999565527231,0.9592337551513471
22500,?GA?C???,5,0.7154334565994204,-7.663345209847033,0.9733997574527645
22500,?T??AT??,5,0.7152890706673564,-6.850302367867687,0.9879904457979756
22500,C?C?G???,5,0.7409422886447313,-5.977551685031465,0.8505701651027444
22500,?G???T?T,5,0.7198606688729009,-8.19270634873087,0.9960542498301624
22500,A?C?G???,5,0.40621642410965153,-1.4599690652170652,0.5263669348630807
22500,?GT?A???,5,0.7696031629499338,-6.821540713281103,0.9470974341546948
22500,C???A???,6,0.7102548573013706,-7.60286702515249,0.9927134473441062
22500,?T?T????,6,0.7101986893332541,-7.111980518004344,0.9808549984264693
22500,??A????T,6,0.7262373811270441,-7.530011292388839,0.9944519568091792
22500,?A????C?,6,0.7232456551911953,-5.868538190768978,0.9547682482710249
22500,????A?C?,6,0.7339872493035279,-7.335270748959909,0.9835918476990073
22500,?G????A?,6,0.6963461848011847,-6.581661629022473,0.9960468713948685
22500,???T??T?,6,0.7303753463805582,-7.087049976781772,0.9835156988829238
22500,??????AT,6,0.726584450715841,-7.32416624080835,0.9938955075424835
22500,??A???A?,6,0.7198806059956482,-7.3852236410215095,0.9940456608411766
22500,??A????G,6,0.7001959150995233,-6.329344759290024,0.9846255008688831
22500,??A??G??,6,0.7080752460114591,-7.052549579318405,0.9819708450190314
22500,????A??G,6,0.7340494297099088,-6.714775343002637,0.9838054132091617
22500,?G????A?,6,0.6963461848011847,-6.581661629022473,0.9960468713948685
22500,??????CT,6,0.729595271761649,-6.47491985702756,0.9847985189153811
22500,?G?T????,6,0.6970960945093129,-7.384625175626502,0.993983055008593
22500,????A?A?,6,0.710500603169746,-7.260166165325123,0.989667499987938
22500,????C???,7,0.731667873412794,-6.472861851714665,0.9597773022702135
22500,??????A?,7,0.7169573485383786,-6.14632695364156,0.9930792828531139
22500,??A?????,7,0.7268519934001807,-7.177294207758852,0.9930420196389954
22500,??A?????,7,0.7268519934001807,-7.177294207758852,0.9930420196389954
22500,????G???,7,0.7510536740131417,-5.2373394779471,0.891254282359348
22500,???????A,7,0.719252248120158,-6.190301264615131,0.9723137371600558
22500,???????T,7,0.7233667723495696,-6.245627615250355,0.9931591948194308
22500,??????A?,7,0.7169573485383786,-6.14632695364156,0.9930792828531139
22500,?G??????,7,0.7030086921695778,-6.286305128866596,0.992547263002255
22500,??A?????,7,0.7268519934001807,-7.177294207758852,0.9930420196389954
22500,???T????,7,0.7151049027850922,-6.959082128290216,0.9919507037900169
22500,???????T,7,0.7233667723495696,-6.245627615250355,0.9931591948194308
22500,A???????,7,0.7002475457671448,-5.293469180815871,0.973844016900028
22500,C???????,7,0.7078462359873843,-6.572308262008525,0.9900672959809643
22500,??????C?,7,0.6869585371235456,-5.950887847060594,0.9682266054433393
22500,??A?????,7,0.7268519934001807,-7.177294207758852,0.9930420196389954
22500,????????,8,0.7087886233639199,-5.819390928799232,0.9879528744711925
